source_id,title,url,method,status,raw_path,captured_at,error
SRC-robotics-001,人形机器人创新发展指导意见,https://www.miit.gov.cn/jgsj/kjs/wjfb/art/2023/art_50316f76a9b1454b898c7bb2a5846b79.html,defuddle,exists,raw/robotics-embodied-ai/documents/SRC-robotics-001-source.md,2026-06-04T06:08:12+00:00,
SRC-robotics-002,《人形机器人创新发展指导意见》解读,https://www.miit.gov.cn/zwgk/zcjd/art/2023/art_e3f5686c2f0d49f9968b7ae011d558e1.html,defuddle,exists,raw/robotics-embodied-ai/documents/SRC-robotics-002-source.md,2026-06-04T06:08:12+00:00,
SRC-robotics-003,“机器人+”应用行动实施方案,https://app.www.gov.cn/govdata/gov/202301/20/496429/article.html,defuddle,exists,raw/robotics-embodied-ai/documents/SRC-robotics-003-source.md,2026-06-04T06:08:12+00:00,
SRC-robotics-004,十五五新图景：聚力未来产业 引领产业未来,https://www.ndrc.gov.cn/xwdt/spfg/mtjj/202604/t20260401_1404454.html,defuddle,exists,raw/robotics-embodied-ai/documents/SRC-robotics-004-source.md,2026-06-04T06:08:12+00:00,
SRC-robotics-005,工业和信息化部人形机器人与具身智能标准化技术委员会成立,https://wap.miit.gov.cn/xwfb/bldhd/art/2025/art_25c6077c819d4a77aa7a900a82bbde45.html,defuddle,exists,raw/robotics-embodied-ai/documents/SRC-robotics-005-source.md,2026-06-04T06:08:12+00:00,
SRC-robotics-006,中华人民共和国2025年国民经济和社会发展统计公报,https://www.stats.gov.cn/sj/zxfbhjd/202602/t20260228_1962662.html,defuddle,exists,raw/robotics-embodied-ai/documents/SRC-robotics-006-2025.md,2026-06-04T06:08:12+00:00,
SRC-robotics-007,2025年12月份规模以上工业增加值增长5.2%,https://www.stats.gov.cn/sj/zxfbhjd/202601/t20260119_1962329.html,defuddle,exists,raw/robotics-embodied-ai/documents/SRC-robotics-007-2025-12-5-2.md,2026-06-04T06:08:12+00:00,
SRC-robotics-008,World Robotics 2025 report - Industrial Robots,https://ifr.org/ifr-press-releases/news/global-robot-demand-in-factories-doubles-over-10-years%20%20%20,defuddle,exists,raw/robotics-embodied-ai/documents/SRC-robotics-008-world-robotics-2025-report-industrial-robots.md,2026-06-04T06:08:12+00:00,
SRC-robotics-009,UBTECH Robotics HKEX issuer announcements page,https://www1.hkexnews.hk/search/titlesearch.xhtml?category=0&lang=EN&market=SEHK&stockId=1000208870,defuddle,exists,raw/robotics-embodied-ai/documents/SRC-robotics-009-ubtech-robotics-hkex-issuer-announcements-page.md,2026-06-04T06:08:12+00:00,
SRC-robotics-010,UBTECH latest announcements and circulars,https://www.ubtrobot.com/en/announce,defuddle,exists,raw/robotics-embodied-ai/documents/SRC-robotics-010-ubtech-latest-announcements-and-circulars.md,2026-06-04T06:08:12+00:00,
SRC-robotics-011,UBTECH company profile,https://www.ubtrobot.com/en/about/company-profile,defuddle,exists,raw/robotics-embodied-ai/documents/SRC-robotics-011-ubtech-company-profile.md,2026-06-04T06:08:12+00:00,
SRC-robotics-012,Unitree G1 humanoid robot product page,https://www.unitree.com/en/g1,defuddle,exists,raw/robotics-embodied-ai/documents/SRC-robotics-012-unitree-g1-humanoid-robot-product-page.md,2026-06-04T06:08:12+00:00,
SRC-robotics-013,Unitree H1 humanoid robot product page,https://www.unitree.com/h1/,defuddle,exists,raw/robotics-embodied-ai/documents/SRC-robotics-013-unitree-h1-humanoid-robot-product-page.md,2026-06-04T06:08:12+00:00,
SRC-robotics-014,Unitree G1-D end-to-end platform for humanoid robot,https://www.unitree.com/G1-D,defuddle,exists,raw/robotics-embodied-ai/documents/SRC-robotics-014-unitree-g1-d-end-to-end-platform-for-humanoid-robot.md,2026-06-04T06:08:12+00:00,
SRC-robotics-015,AGIBOT A2 product page,https://www.agibot.com/products/A2,defuddle,exists,raw/robotics-embodied-ai/documents/SRC-robotics-015-agibot-a2-product-page.md,2026-06-04T06:08:12+00:00,
SRC-robotics-016,AGIBOT products page,https://www.agibot.com/products,defuddle,exists,raw/robotics-embodied-ai/documents/SRC-robotics-016-agibot-products-page.md,2026-06-04T06:08:12+00:00,
SRC-robotics-017,NVIDIA Isaac GR00T N1 press release,https://investor.nvidia.com/news/press-release-details/2025/NVIDIA-Announces-Isaac-GR00T-N1--the-Worlds-First-Open-Humanoid-Robot-Foundation-Model--and-Simulation-Frameworks-to-Speed-Robot-Development/default.aspx,defuddle,failed,raw/robotics-embodied-ai/documents/SRC-robotics-017-nvidia-isaac-gr00t-n1-press-release.md,2026-06-04T06:08:12+00:00,Error: Failed to fetch: 403 Forbidden; fallback HTML download failed: HTTP Error 403: Forbidden
SRC-robotics-018,NVIDIA Isaac GR00T developer page,https://developer.nvidia.com/project-gr00t,defuddle,exists,raw/robotics-embodied-ai/documents/SRC-robotics-018-nvidia-isaac-gr00t-developer-page.md,2026-06-04T06:08:12+00:00,
SRC-robotics-019,Tesla AI & Robotics,https://www.tesla.com/AI,defuddle,failed,raw/robotics-embodied-ai/documents/SRC-robotics-019-tesla-ai-robotics.md,2026-06-04T06:08:12+00:00,Error: Failed to fetch: 403 Forbidden; fallback HTML download failed: HTTP Error 403: Forbidden
SRC-robotics-020,LimX Dynamics official website,https://www.limxdynamics.com/,defuddle,exists,raw/robotics-embodied-ai/documents/SRC-robotics-020-limx-dynamics-official-website.md,2026-06-04T06:08:12+00:00,
SRC-robotics-021,ROBOTERA official website,https://www.robotera.com/,defuddle,exists,raw/robotics-embodied-ai/documents/SRC-robotics-021-robotera-official-website.md,2026-06-04T06:08:12+00:00,
SRC-robotics-022,X2Robot official website,https://www.x2robot.com/,defuddle,exists,raw/robotics-embodied-ai/documents/SRC-robotics-022-x2robot-official-website.md,2026-06-04T06:08:12+00:00,
SRC-robotics-023,MagicLab official website,https://www.magiclab.top/,defuddle,exists,raw/robotics-embodied-ai/documents/SRC-robotics-023-magiclab-official-website.md,2026-06-04T06:08:12+00:00,
SRC-robotics-024,DOBOT official website,https://www.dobot.cn/,defuddle,exists,raw/robotics-embodied-ai/documents/SRC-robotics-024-dobot-official-website.md,2026-06-04T06:08:12+00:00,
SRC-robotics-025,JAKA official website,https://www.jaka.com/zh,defuddle,exists,raw/robotics-embodied-ai/documents/SRC-robotics-025-jaka-official-website.md,2026-06-04T06:08:12+00:00,
SRC-robotics-026,AUBO Robotics official website,https://www.aubo-robotics.cn/,defuddle,exists,raw/robotics-embodied-ai/documents/SRC-robotics-026-aubo-robotics-official-website.md,2026-06-04T06:08:12+00:00,
SRC-robotics-027,SIASUN official website,https://www.siasun.com/,defuddle,exists,raw/robotics-embodied-ai/documents/SRC-robotics-027-siasun-official-website.md,2026-06-04T06:08:12+00:00,
SRC-robotics-028,EFORT official website,https://www.efort.com.cn/,defuddle,exists,raw/robotics-embodied-ai/documents/SRC-robotics-028-efort-official-website.md,2026-06-04T06:08:12+00:00,
SRC-robotics-029,Geek+ company page,https://www.geekplus.com/zh/company,defuddle,exists,raw/robotics-embodied-ai/documents/SRC-robotics-029-geek-company-page.md,2026-06-04T06:08:12+00:00,
SRC-robotics-030,Quicktron official website,https://www.quicktron.com.cn/,defuddle,exists,raw/robotics-embodied-ai/documents/SRC-robotics-030-quicktron-official-website.md,2026-06-04T06:08:12+00:00,
SRC-robotics-031,YOUIBOT official website,https://zh.youibot.com/,defuddle,exists,raw/robotics-embodied-ai/documents/SRC-robotics-031-youibot-official-website.md,2026-06-04T06:08:12+00:00,
SRC-robotics-032,Zhongda Leader official website,https://www.zdld-motor.com/,defuddle,exists,raw/robotics-embodied-ai/documents/SRC-robotics-032-zhongda-leader-official-website.md,2026-06-04T06:08:12+00:00,
SRC-robotics-033,优必选2025年总营收20.01亿元 全尺寸具身智能人形机器人收入占比超四成,https://www.stcn.com/article/detail/3718329.html,defuddle,exists,raw/robotics-embodied-ai/documents/SRC-robotics-033-2025-20-01.md,2026-06-04T06:08:12+00:00,
SRC-robotics-034,具身智能业务放量 绿的谐波2025年归母净利润同比增长121.42%,https://finance.sina.com.cn/roll/2026-04-23/doc-inhvnnxa8688083.shtml?froms=ggmp,defuddle,exists,raw/robotics-embodied-ai/documents/SRC-robotics-034-2025-121-42.md,2026-06-04T06:08:12+00:00,
SRC-robotics-035,新松机器人2025年营收41亿元 创新投入助力国产机器人产业升维,https://www.stcn.com/article/detail/3803140.html,defuddle,exists,raw/robotics-embodied-ai/documents/SRC-robotics-035-2025-41.md,2026-06-04T06:08:12+00:00,
SRC-robotics-036,步科股份2025年报点评：机器人业务高速增长,https://finance.sina.com.cn/wm/2026-04-24/doc-inhvpyyn4876800.shtml,defuddle,exists,raw/robotics-embodied-ai/documents/SRC-robotics-036-2025.md,2026-06-04T06:08:12+00:00,
SRC-robotics-037,奥比中光2026年一季度营收净利双增长 前瞻卡位机器人赛道,https://www.stcn.com/article/detail/3807309.html,defuddle,exists,raw/robotics-embodied-ai/documents/SRC-robotics-037-2026.md,2026-06-04T06:08:12+00:00,
SRC-robotics-038,柯力传感2025年上半年营收6.85亿元 归母净利润1.73亿元,https://www.gkzhan.com/news/detail/184960.html,defuddle,exists,raw/robotics-embodied-ai/documents/SRC-robotics-038-2025-6-85-1-73.md,2026-06-04T06:08:12+00:00,
SRC-robotics-039,六维力传感器领域现军备竞赛 柯力传感如何打开机器人业务新增长极,https://finance.sina.com.cn/stock/t/2025-11-24/doc-infyphky3800607.shtml,defuddle,exists,raw/robotics-embodied-ai/documents/SRC-robotics-039-source.md,2026-06-04T06:08:12+00:00,
SRC-robotics-040,汇川技术2026年一季度营收增12.98% 净利降23.39%,https://www.donews.com/news/detail/8/6532063.html,defuddle,exists,raw/robotics-embodied-ai/documents/SRC-robotics-040-2026-12-98-23-39.md,2026-06-04T06:08:12+00:00,
SRC-robotics-041,汇川技术2025年半年度报告摘要,https://vip.stock.finance.sina.com.cn/corp/view/vCB_AllBulletinDetail.php?CompanyCode=80144658&gather=1&id=11361371,defuddle,exists,raw/robotics-embodied-ai/documents/SRC-robotics-041-2025.md,2026-06-04T06:08:12+00:00,
SRC-robotics-042,双环传动2025Q2业绩表现亮眼 机器人减速器星辰大海,https://finance.sina.com.cn/roll/2025-08-29/doc-infnqzvq6151175.shtml,defuddle,exists,raw/robotics-embodied-ai/documents/SRC-robotics-042-2025q2.md,2026-06-04T06:08:12+00:00,
SRC-robotics-043,优必选2025年报深度解析：人形机器人收入暴增22倍,https://wallstreetcn.com/articles/3768895,defuddle,exists,raw/robotics-embodied-ai/documents/SRC-robotics-043-2025-22.md,2026-06-04T06:08:12+00:00,
SRC-robotics-044,AGIBOT Open AGIBOT WORLD 2026,https://www.agibot.com/article/231/detail/54.html,defuddle,exists,raw/robotics-embodied-ai/documents/SRC-robotics-044-agibot-open-agibot-world-2026.md,2026-06-04T06:08:12+00:00,
SRC-robotics-046,IO-AI TECH Robotics and embodied AI data infrastructure,https://io-ai.tech/,defuddle,exists,raw/robotics-embodied-ai/documents/SRC-robotics-046-io-ai-tech-robotics-and-embodied-ai-data-infrastructure.md,2026-06-04T06:08:12+00:00,
SRC-robotics-047,Robotin 具身智能数据平台,https://robotin.cc/,defuddle,exists,raw/robotics-embodied-ai/documents/SRC-robotics-047-robotin.md,2026-06-04T06:08:12+00:00,
SRC-robotics-048,FirstMove Egocentric Data Engine for Robotics,https://cn.thefirstmove.ai/,defuddle,exists,raw/robotics-embodied-ai/documents/SRC-robotics-048-firstmove-egocentric-data-engine-for-robotics.md,2026-06-04T06:08:12+00:00,
SRC-robotics-049,智源具身一站式平台,https://modelscope.cn/brand/view/baai-roboxstudio,defuddle,exists,raw/robotics-embodied-ai/documents/SRC-robotics-049-source.md,2026-06-04T06:08:12+00:00,
SRC-robotics-050,Galaxea company about,https://galaxea-ai.com/cn/about,defuddle,exists,raw/robotics-embodied-ai/documents/SRC-robotics-050-galaxea-company-about.md,2026-06-04T06:08:12+00:00,
SRC-robotics-051,Enhance Robot Learning with Synthetic Trajectory Data Generated by World Foundation Models,https://developer.nvidia.com/blog/enhance-robot-learning-with-synthetic-trajectory-data-generated-by-world-foundation-models/,defuddle,exists,raw/robotics-embodied-ai/documents/SRC-robotics-051-enhance-robot-learning-with-synthetic-trajectory-data-generated-by-world-foundat.md,2026-06-04T06:08:12+00:00,
SRC-robotics-052,LeRobot GitHub repository,https://github.com/huggingface/lerobot,defuddle,exists,raw/robotics-embodied-ai/documents/SRC-robotics-052-lerobot-github-repository.md,2026-06-04T06:08:12+00:00,
SRC-robotics-053,LeRobotDataset v3.0 documentation,https://github.com/huggingface/lerobot/blob/main/docs/source/lerobot-dataset-v3.mdx,direct-download,exists,raw/robotics-embodied-ai/documents/SRC-robotics-053-lerobotdataset-v3-0-documentation.md,2026-06-04T06:08:12+00:00,
SRC-robotics-054,Open X-Embodiment: Robotic Learning Datasets and RT-X Models,https://arxiv.org/abs/2310.08864,defuddle,exists,raw/robotics-embodied-ai/documents/SRC-robotics-054-open-x-embodiment-robotic-learning-datasets-and-rt-x-models.md,2026-06-04T06:08:12+00:00,
SRC-robotics-055,DROID: A Large-Scale In-The-Wild Robot Manipulation Dataset,https://arxiv.org/abs/2403.12945,defuddle,exists,raw/robotics-embodied-ai/documents/SRC-robotics-055-droid-a-large-scale-in-the-wild-robot-manipulation-dataset.md,2026-06-04T06:08:12+00:00,
SRC-robotics-056,Octo: An Open-Source Generalist Robot Policy,https://arxiv.org/abs/2405.12213,defuddle,exists,raw/robotics-embodied-ai/documents/SRC-robotics-056-octo-an-open-source-generalist-robot-policy.md,2026-06-04T06:08:12+00:00,
SRC-robotics-057,RoboMIND: Benchmark on Multi-embodiment Intelligence Normative Data for Robot Manipulation,https://arxiv.org/abs/2412.13877,defuddle,exists,raw/robotics-embodied-ai/documents/SRC-robotics-057-robomind-benchmark-on-multi-embodiment-intelligence-normative-data-for-robot-man.md,2026-06-04T06:08:12+00:00,
SRC-robotics-058,AgiBot World Colosseo: A Large-scale Manipulation Platform for Scalable and Intelligent Embodied Systems,https://arxiv.org/abs/2503.06669,defuddle,exists,raw/robotics-embodied-ai/documents/SRC-robotics-058-agibot-world-colosseo-a-large-scale-manipulation-platform-for-scalable-and-intel.md,2026-06-04T06:08:12+00:00,
SRC-robotics-059,RoboTwin: Dual-Arm Robot Benchmark with Generative Digital Twins,https://arxiv.org/abs/2504.13059,defuddle,exists,raw/robotics-embodied-ai/documents/SRC-robotics-059-robotwin-dual-arm-robot-benchmark-with-generative-digital-twins.md,2026-06-04T06:08:12+00:00,
SRC-robotics-060,MimicGen: A Data Generation System for Scalable Robot Learning using Human Demonstrations,https://arxiv.org/abs/2310.17596,defuddle,exists,raw/robotics-embodied-ai/documents/SRC-robotics-060-mimicgen-a-data-generation-system-for-scalable-robot-learning-using-human-demons.md,2026-06-04T06:08:12+00:00,
SRC-robotics-061,pi0: A Vision-Language-Action Flow Model for General Robot Control,https://www.physicalintelligence.company/download/pi0.pdf,pdf-download,exists,raw/robotics-embodied-ai/documents/SRC-robotics-061-pi0-a-vision-language-action-flow-model-for-general-robot-control.pdf,2026-06-04T06:08:12+00:00,
SRC-robotics-062,NVIDIA Isaac GR00T N1: An Open Foundation Model for Humanoid Robots,https://research.nvidia.com/publication/2025-03_nvidia-isaac-gr00t-n1-open-foundation-model-humanoid-robots,defuddle,exists,raw/robotics-embodied-ai/documents/SRC-robotics-062-nvidia-isaac-gr00t-n1-an-open-foundation-model-for-humanoid-robots.md,2026-06-04T06:08:12+00:00,
SRC-robotics-063,RoboBrain 2.0 Technical Report,https://arxiv.org/abs/2507.02029,defuddle,exists,raw/robotics-embodied-ai/documents/SRC-robotics-063-robobrain-2-0-technical-report.md,2026-06-04T06:08:12+00:00,
SRC-robotics-064,RoboMIND 2.0: A Multimodal Bimanual Mobile Manipulation Dataset for Generalizable Embodied Intelligence,https://arxiv.org/abs/2512.24653,defuddle,exists,raw/robotics-embodied-ai/documents/SRC-robotics-064-robomind-2-0-a-multimodal-bimanual-mobile-manipulation-dataset-for-generalizable.md,2026-06-04T06:08:12+00:00,
SRC-robotics-065,Universal Manipulation Interface project page,https://umi-gripper.github.io/,defuddle,exists,raw/robotics-embodied-ai/documents/SRC-robotics-065-universal-manipulation-interface-project-page.md,2026-06-04T06:08:12+00:00,
SRC-robotics-066,Universal Manipulation Interface: In-The-Wild Robot Teaching Without In-The-Wild Robots,https://arxiv.org/abs/2402.10329,defuddle,exists,raw/robotics-embodied-ai/documents/SRC-robotics-066-universal-manipulation-interface-in-the-wild-robot-teaching-without-in-the-wild.md,2026-06-04T06:08:12+00:00,
SRC-robotics-067,Universal Manipulation Interface GitHub repository,https://github.com/real-stanford/universal_manipulation_interface,defuddle,exists,raw/robotics-embodied-ai/documents/SRC-robotics-067-universal-manipulation-interface-github-repository.md,2026-06-04T06:08:12+00:00,
SRC-robotics-068,UMI Robot Dataset Community,https://umi-data.github.io/,defuddle,exists,raw/robotics-embodied-ai/documents/SRC-robotics-068-umi-robot-dataset-community.md,2026-06-04T06:08:12+00:00,
SRC-robotics-069,Fast-UMI: A Scalable and Hardware-Independent Universal Manipulation Interface,https://arxiv.org/abs/2409.19499,defuddle,exists,raw/robotics-embodied-ai/documents/SRC-robotics-069-fast-umi-a-scalable-and-hardware-independent-universal-manipulation-interface.md,2026-06-04T06:08:12+00:00,
SRC-robotics-070,UMI-3D: Extending Universal Manipulation Interface from Vision-Limited to 3D Spatial Perception,https://arxiv.org/abs/2604.14089,defuddle,exists,raw/robotics-embodied-ai/documents/SRC-robotics-070-umi-3d-extending-universal-manipulation-interface-from-vision-limited-to-3d-spat.md,2026-06-04T06:08:12+00:00,
SRC-robotics-071,Actuated Version of the Universal Manipulation Interface Gripper,https://github.com/actuated-umi/actuated-umi-gripper,defuddle,exists,raw/robotics-embodied-ai/documents/SRC-robotics-071-actuated-version-of-the-universal-manipulation-interface-gripper.md,2026-06-04T06:08:12+00:00,
SRC-robotics-072,TacUMI: A Multi-Modal Universal Manipulation Interface for Contact-Rich Tasks,https://arxiv.org/abs/2601.14550,defuddle,exists,raw/robotics-embodied-ai/documents/SRC-robotics-072-tacumi-a-multi-modal-universal-manipulation-interface-for-contact-rich-tasks.md,2026-06-04T06:08:12+00:00,
SRC-robotics-073,In-the-Wild Compliant Manipulation with UMI-FT,https://arxiv.org/abs/2601.09988,defuddle,exists,raw/robotics-embodied-ai/documents/SRC-robotics-073-in-the-wild-compliant-manipulation-with-umi-ft.md,2026-06-04T06:08:12+00:00,
SRC-robotics-074,MV-UMI: A Scalable Multi-View Interface for Cross-Embodiment Learning,https://arxiv.org/abs/2509.18757,defuddle,exists,raw/robotics-embodied-ai/documents/SRC-robotics-074-mv-umi-a-scalable-multi-view-interface-for-cross-embodiment-learning.md,2026-06-04T06:08:12+00:00,
SRC-robotics-075,Dobb-E: On Bringing Robots Home,https://www.dobb-e.com/,defuddle,exists,raw/robotics-embodied-ai/documents/SRC-robotics-075-dobb-e-on-bringing-robots-home.md,2026-06-04T06:08:12+00:00,
SRC-robotics-076,GELLO: A General Low-Cost and Intuitive Teleoperation Framework for Robot Manipulators,https://arxiv.org/abs/2309.13037,defuddle,exists,raw/robotics-embodied-ai/documents/SRC-robotics-076-gello-a-general-low-cost-and-intuitive-teleoperation-framework-for-robot-manipul.md,2026-06-04T06:08:12+00:00,
SRC-robotics-077,Mobile ALOHA: Learning Bimanual Mobile Manipulation with Low-Cost Whole-Body Teleoperation,https://arxiv.org/abs/2401.02117,defuddle,exists,raw/robotics-embodied-ai/documents/SRC-robotics-077-mobile-aloha-learning-bimanual-mobile-manipulation-with-low-cost-whole-body-tele.md,2026-06-04T06:08:12+00:00,
SRC-robotics-078,Data Scaling Laws in Imitation Learning for Robotic Manipulation,https://arxiv.org/abs/2410.18647,defuddle,exists,raw/robotics-embodied-ai/documents/SRC-robotics-078-data-scaling-laws-in-imitation-learning-for-robotic-manipulation.md,2026-06-04T06:08:12+00:00,
SRC-robotics-079,Diffusion Policy: Visuomotor Policy Learning via Action Diffusion,https://arxiv.org/abs/2303.04137,defuddle,exists,raw/robotics-embodied-ai/documents/SRC-robotics-079-diffusion-policy-visuomotor-policy-learning-via-action-diffusion.md,2026-06-04T06:08:12+00:00,
SRC-robotics-080,Learning Fine-Grained Bimanual Manipulation with Low-Cost Hardware,https://arxiv.org/abs/2304.13705,defuddle,exists,raw/robotics-embodied-ai/documents/SRC-robotics-080-learning-fine-grained-bimanual-manipulation-with-low-cost-hardware.md,2026-06-04T06:08:12+00:00,
SRC-robotics-081,北京经济技术开发区关于推动具身智能机器人创新发展的若干措施,https://kfqgw.beijing.gov.cn/zwgkkfq/2024zcwj/202508/t20250812_4171688.html,defuddle,exists,raw/robotics-embodied-ai/documents/SRC-robotics-081-source.md,2026-06-04T06:08:12+00:00,
SRC-robotics-082,北京人形机器人创新中心具身智能数据训练基地,https://kw.beijing.gov.cn/xwdt/kcyx/xwdtscyqld/202507/t20250724_4156535.html,defuddle,exists,raw/robotics-embodied-ai/documents/SRC-robotics-082-source.md,2026-06-04T06:08:12+00:00,
SRC-robotics-083,上海市具身智能产业发展实施方案,https://www.shanghai.gov.cn/nw12344/20250806/f9cb53544505426d807055ca20bd69fc.html,defuddle,exists,raw/robotics-embodied-ai/documents/SRC-robotics-083-source.md,2026-06-04T06:08:12+00:00,
SRC-robotics-084,上海虚实融合具身智能训练场标准化试点,https://www.shanghai.gov.cn/nw15343/20251014/d0339346ade141b4a886722c3b3ed3af.html,defuddle,exists,raw/robotics-embodied-ai/documents/SRC-robotics-084-source.md,2026-06-04T06:08:12+00:00,
SRC-robotics-085,深圳市加快打造人工智能先锋城市行动计划,https://stic.sz.gov.cn/gkmlpt/content/12/12052/mpost_12052515.html,defuddle,failed,raw/robotics-embodied-ai/documents/SRC-robotics-085-source.md,2026-06-04T06:08:12+00:00,Error: fetch failed; fallback HTML download failed: <urlopen error [SSL: BAD_ECPOINT] bad ecpoint (_ssl.c:1032)>
SRC-robotics-086,广东省人工智能赋能制造业高质量发展行动方案,https://www.gd.gov.cn/zwgk/wjk/qbwj/ybh/content/post_4787001.html,defuddle,exists,raw/robotics-embodied-ai/documents/SRC-robotics-086-source.md,2026-06-04T06:08:12+00:00,
SRC-robotics-087,杭州市智能机器人产业强链补链行动方案政策解读,https://zfgb.hangzhou.gov.cn/15/101220263/t104220263014/530114.shtml,defuddle,exists,raw/robotics-embodied-ai/documents/SRC-robotics-087-source.md,2026-06-04T06:08:12+00:00,
SRC-robotics-088,德清具身智能数据采集训练场,https://zjic.zj.gov.cn/zkdt/rdzx/202603/t20260326_24007563.shtml,defuddle,exists,raw/robotics-embodied-ai/documents/SRC-robotics-088-source.md,2026-06-04T06:08:12+00:00,
SRC-robotics-089,安徽省智能机器人产业发展行动方案,https://www.tl.gov.cn/tlsrmzf/c000841/pc/content/content_1995691327649275904.html,defuddle,exists,raw/robotics-embodied-ai/documents/SRC-robotics-089-source.md,2026-06-04T06:08:12+00:00,
SRC-robotics-090,IO-AI EmbodiFlow product page,https://io-ai.tech/zh/embodiflow/,defuddle,exists,raw/robotics-embodied-ai/documents/SRC-robotics-090-io-ai-embodiflow-product-page.md,2026-06-04T06:08:12+00:00,
SRC-robotics-091,腾讯云与 IO-AI 联合推出具身智能数据平台,https://developer.cloud.tencent.com/article/2635361,defuddle,exists,raw/robotics-embodied-ai/documents/SRC-robotics-091-io-ai.md,2026-06-04T06:08:12+00:00,
SRC-robotics-092,Galaxea Open-World Dataset,https://huggingface.co/datasets/OpenGalaxea/Galaxea-Open-World-Dataset,defuddle,exists,raw/robotics-embodied-ai/documents/SRC-robotics-092-galaxea-open-world-dataset.md,2026-06-04T06:08:12+00:00,
SRC-robotics-093,Psi Data embodied dexterous manipulation data,https://www.psibot.ai/products_zh/product_psi-data_zh/,defuddle,exists,raw/robotics-embodied-ai/documents/SRC-robotics-093-psi-data-embodied-dexterous-manipulation-data.md,2026-06-04T06:08:12+00:00,
SRC-robotics-094,GenRobot embodied intelligence data service,https://cn.genrobot.com/,defuddle,exists,raw/robotics-embodied-ai/documents/SRC-robotics-094-genrobot-embodied-intelligence-data-service.md,2026-06-04T06:08:12+00:00,
SRC-robotics-095,Oopsie Data manipulation failure dataset project,https://oopsie-data.com/,defuddle,exists,raw/robotics-embodied-ai/documents/SRC-robotics-095-oopsie-data-manipulation-failure-dataset-project.md,2026-06-04T06:08:12+00:00,
SRC-robotics-096,Oopsie Data format documentation,https://oopsie-data.com/format/,defuddle,exists,raw/robotics-embodied-ai/documents/SRC-robotics-096-oopsie-data-format-documentation.md,2026-06-04T06:08:12+00:00,
SRC-robotics-097,LeRobot human-in-the-loop data collection documentation,https://github.com/huggingface/lerobot/blob/main/docs/source/hil_data_collection.mdx,direct-download,exists,raw/robotics-embodied-ai/documents/SRC-robotics-097-lerobot-human-in-the-loop-data-collection-documentation.md,2026-06-04T06:08:12+00:00,
SRC-robotics-098,HIL-SERL: Precise and Dexterous Robotic Manipulation via Human-in-the-Loop Reinforcement Learning,https://arxiv.org/abs/2410.21845,defuddle,exists,raw/robotics-embodied-ai/documents/SRC-robotics-098-hil-serl-precise-and-dexterous-robotic-manipulation-via-human-in-the-loop-reinfo.md,2026-06-04T06:08:12+00:00,
SRC-robotics-099,Recovery and Correction: Improving Robotic Manipulation with Real-World Failed Data,https://arxiv.org/abs/2509.07953,defuddle,exists,raw/robotics-embodied-ai/documents/SRC-robotics-099-recovery-and-correction-improving-robotic-manipulation-with-real-world-failed-da.md,2026-06-04T06:08:12+00:00,
SRC-robotics-100,Learning while Deploying: Bridging Train-Test Gaps in Robot Manipulation,https://arxiv.org/abs/2605.00416,defuddle,exists,raw/robotics-embodied-ai/documents/SRC-robotics-100-learning-while-deploying-bridging-train-test-gaps-in-robot-manipulation.md,2026-06-04T06:08:12+00:00,
SRC-robotics-101,UMI-3D hardware repository,https://github.com/Physical-Intelligence-Laboratory/UMI-3D-Hardware,defuddle,exists,raw/robotics-embodied-ai/documents/SRC-robotics-101-umi-3d-hardware-repository.md,2026-06-04T06:08:12+00:00,
SRC-robotics-102,CoinFT force-torque fingertip sensor project,https://coin-ft.github.io/,defuddle,exists,raw/robotics-embodied-ai/documents/SRC-robotics-102-coinft-force-torque-fingertip-sensor-project.md,2026-06-04T06:08:12+00:00,
SRC-robotics-103,LimX Dynamics about page,https://www.limx.cn/zh/about,defuddle,exists,raw/robotics-embodied-ai/documents/SRC-robotics-103-limx-dynamics-about-page.md,2026-06-04T06:08:12+00:00,
SRC-robotics-104,LimX TRON 1 product page,https://www.limxdynamics.com/en/products/tron1,defuddle,exists,raw/robotics-embodied-ai/documents/SRC-robotics-104-limx-tron-1-product-page.md,2026-06-04T06:08:12+00:00,
SRC-robotics-105,TRON 1 user manual,https://support.limxdynamics.com/file/TRON1-%E7%94%A8%E6%88%B7%E6%89%8B%E5%86%8C-V1.0.pdf,pdf-download,failed,raw/robotics-embodied-ai/documents/SRC-robotics-105-tron-1-user-manual.pdf,2026-06-04T06:08:12+00:00,<urlopen error [SSL: CERTIFICATE_VERIFY_FAILED] certificate verify failed: certificate has expired (_ssl.c:1032)>
SRC-robotics-106,LimX Oli product page,https://www.limxdynamics.com/en/products/oli,defuddle,exists,raw/robotics-embodied-ai/documents/SRC-robotics-106-limx-oli-product-page.md,2026-06-04T06:08:12+00:00,
SRC-robotics-107,LimX TRON 2 product page,https://www.limxdynamics.com/en/products/tron2,defuddle,exists,raw/robotics-embodied-ai/documents/SRC-robotics-107-limx-tron-2-product-page.md,2026-06-04T06:08:12+00:00,
SRC-robotics-108,FluxVLA Engine documentation,https://fluxvla.limxdynamics.com/,defuddle,exists,raw/robotics-embodied-ai/documents/SRC-robotics-108-fluxvla-engine-documentation.md,2026-06-04T06:08:12+00:00,
SRC-robotics-109,FluxVLA GitHub repository,https://github.com/FluxVLA/FluxVLA,defuddle,exists,raw/robotics-embodied-ai/documents/SRC-robotics-109-fluxvla-github-repository.md,2026-06-04T06:08:12+00:00,
SRC-robotics-110,逐际动力完成2亿美元B轮融资,https://www.stcn.com/article/detail/3624874.html,defuddle,exists,raw/robotics-embodied-ai/documents/SRC-robotics-110-2-b.md,2026-06-04T06:08:12+00:00,
SRC-robotics-111,逐际动力半年完成5亿元A轮系列融资,https://auto.gasgoo.com/news/202503/10I70420134C601.shtml,defuddle,exists,raw/robotics-embodied-ai/documents/SRC-robotics-111-5-a.md,2026-06-04T06:08:12+00:00,
SRC-robotics-112,机器人一级融资持续创新高行业周报,https://pdf.dfcfw.com/pdf/H3_AP202604131821146133_1.pdf,pdf-download,exists,raw/robotics-embodied-ai/documents/SRC-robotics-112-source.pdf,2026-06-04T06:08:12+00:00,
SRC-robotics-113,逐际张巍：人形机器人不进工厂，具身不堆真机数据,https://finance.sina.cn/2025-02-17/detail-inekumna3941648.d.html,defuddle,exists,raw/robotics-embodied-ai/documents/SRC-robotics-113-source.md,2026-06-04T06:08:12+00:00,
SRC-robotics-114,NVIDIA Isaac Sim developer page,https://developer.nvidia.com/Isaac-sim,defuddle,ok,raw/robotics-embodied-ai/documents/SRC-robotics-114-nvidia-isaac-sim-developer-page.md,2026-06-04T06:08:12+00:00,
SRC-robotics-115,NVIDIA Isaac Lab developer page,https://developer.nvidia.com/isaac/lab,defuddle,ok,raw/robotics-embodied-ai/documents/SRC-robotics-115-nvidia-isaac-lab-developer-page.md,2026-06-04T06:08:12+00:00,
SRC-robotics-116,OpenPI GitHub repository,https://github.com/Physical-Intelligence/openpi,defuddle,ok,raw/robotics-embodied-ai/documents/SRC-robotics-116-openpi-github-repository.md,2026-06-04T06:08:12+00:00,
SRC-robotics-117,OpenVLA GitHub repository,https://github.com/openvla/openvla,defuddle,ok,raw/robotics-embodied-ai/documents/SRC-robotics-117-openvla-github-repository.md,2026-06-04T06:08:12+00:00,
SRC-robotics-118,robomimic official documentation,https://robomimic.github.io/,defuddle,ok,raw/robotics-embodied-ai/documents/SRC-robotics-118-robomimic-official-documentation.md,2026-06-04T06:08:12+00:00,
SRC-robotics-119,LIBERO documentation,https://lifelong-robot-learning.github.io/LIBERO/html/,defuddle,ok,raw/robotics-embodied-ai/documents/SRC-robotics-119-libero-documentation.md,2026-06-04T06:08:12+00:00,
SRC-robotics-120,ManiSkill official website,https://www.maniskill.ai/,defuddle,fallback_html,raw/robotics-embodied-ai/documents/SRC-robotics-120-maniskill-official-website.md,2026-06-04T06:08:12+00:00,Error: No content could be extracted from https://www.maniskill.ai/
SRC-robotics-121,ROS developer documentation,https://docs.ros.org/index.html,defuddle,ok,raw/robotics-embodied-ai/documents/SRC-robotics-121-ros-developer-documentation.md,2026-06-04T06:08:12+00:00,
SRC-robotics-122,MoveIt 2 documentation,https://moveit.picknik.ai/,defuddle,fallback_html,raw/robotics-embodied-ai/documents/SRC-robotics-122-moveit-2-documentation.md,2026-06-04T06:08:12+00:00,Error: No content could be extracted from https://moveit.picknik.ai/
SRC-robotics-123,Agibot Genie Studio,https://genie.agibot.com/index/Common/toggleLang.html?lng=cn&url=%2Fgeniestudio,defuddle,fallback_html,raw/robotics-embodied-ai/documents/SRC-robotics-123-agibot-genie-studio.md,2026-06-04T06:08:12+00:00,Error: No content could be extracted from https://genie.agibot.com/index/Common/toggleLang.html?lng=cn&url=%2Fgeniestudio
SRC-robotics-124,EmbodiFlow platform guides,https://io-ai.tech/platform/en/guides/,defuddle,ok,raw/robotics-embodied-ai/documents/SRC-robotics-124-embodiflow-platform-guides.md,2026-06-04T06:08:12+00:00,
SRC-robotics-125,RoboAlign-R1: Distilled Multimodal Reward Alignment for Robot Video World Models,https://arxiv.org/abs/2605.03821,pdf-download,ok,raw/robotics-embodied-ai/documents/roboalign-r1-2605.03821.pdf,2026-06-08T02:20:31+00:00,arXiv PDF and abstract HTML captured manually for paper ingest
SRC-robotics-126,RoboAlign-R1：对齐任务与物理规则！从 “画面生成” 到 “决策可用”,https://www.modelscope.cn/learn/434219,manual_parse,manual_parse,raw/robotics-embodied-ai/documents/modelscope-roboalign-r1-434219.md,2026-06-08T02:20:31+00:00,defuddle failed due protocol-relative og:url; Markdown generated from embedded window.__detail_data__; raw HTML captured
SRC-robotics-127,AIFITLAB UMI Gripper collection,https://aifitlab.com/collections/umi-gripper,defuddle,ok,raw/robotics-embodied-ai/documents/SRC-robotics-127-aifitlab-umi-gripper-collection.md,2026-06-08T02:45:26+00:00,
SRC-robotics-128,AIFITLAB LUMOS FastUMI Pro product page,https://aifitlab.com/products/lumos-fastumi-pro,defuddle,ok,raw/robotics-embodied-ai/documents/SRC-robotics-128-aifitlab-lumos-fastumi-pro-product-page.md,2026-06-08T02:45:26+00:00,
SRC-robotics-129,AIFITLAB LUMOS FastUMI Go product page,https://aifitlab.com/products/lumos-fastumi-go,defuddle,ok,raw/robotics-embodied-ai/documents/SRC-robotics-129-aifitlab-lumos-fastumi-go-product-page.md,2026-06-08T02:45:26+00:00,
SRC-robotics-130,AIFITLAB LUMOS FastUMI Ego product page,https://aifitlab.com/collections/umi-gripper/products/lumos-fastumi-ego,defuddle,ok,raw/robotics-embodied-ai/documents/SRC-robotics-130-aifitlab-lumos-fastumi-ego-product-page.md,2026-06-08T02:45:26+00:00,
SRC-robotics-131,觅蜂科技MEgo系列产品首批量产发货,https://finance.sina.com.cn/jjxw/2026-05-26/doc-inhzfwqa2683666.shtml,defuddle,ok,raw/robotics-embodied-ai/documents/SRC-robotics-131-mego.md,2026-06-08T02:45:26+00:00,
SRC-robotics-132,鹿明机器人AWE2026发布FastUMI无本体数采全家桶即将上线京东,https://www.xkb.com.cn/articleDetail/478725,defuddle,ok,raw/robotics-embodied-ai/documents/SRC-robotics-132-awe2026-fastumi.md,2026-06-08T02:45:26+00:00,
SRC-robotics-133,BeingBeyond launches U1 RealDexUMI,https://beingbeyond.com/en/newsInfo/1196.html,defuddle,ok,raw/robotics-embodied-ai/documents/SRC-robotics-133-beingbeyond-launches-u1-realdexumi.md,2026-06-08T02:45:26+00:00,
SRC-robotics-134,RealDexUMI wearable universal manipulation interface paper,https://arxiv.org/abs/2606.06033,defuddle,ok,raw/robotics-embodied-ai/documents/SRC-robotics-134-realdexumi-wearable-universal-manipulation-interface-paper.md,2026-06-08T02:45:26+00:00,
SRC-robotics-183,AIRSPEED project page,https://airs.cuhk.edu.cn/en/airspeed,manual_html_capture,manual_capture,raw/robotics-embodied-ai/documents/SRC-robotics-183-airspeed-project-page.html,2026-06-23T12:53:25+00:00,HTML captured with curl because web extraction returned unstable/no text
SRC-robotics-184,AIRSPEED technical report,https://airs.cuhk.edu.cn/sites/default/files/2025-10/AIRSPEED_arxiv.pdf,pdf-download,ok,raw/robotics-embodied-ai/documents/SRC-robotics-184-airspeed-technical-report.pdf,2026-06-23T12:53:25+00:00,PDF captured and pdftotext sidecar generated
SRC-robotics-185,A Survey of Embodied Artificial Intelligence Data Engineering,https://airs.cuhk.edu.cn/sites/default/files/2025-06/Survey_Arxiv.pdf,pdf-download,ok,raw/robotics-embodied-ai/documents/SRC-robotics-185-eai-data-engineering-survey.pdf,2026-06-23T12:53:25+00:00,PDF captured and pdftotext sidecar generated
SRC-robotics-186,Technology Transfer of Open-Source Data Infrastructure for Embodied AI The AIRSPEED Case,https://airs.cuhk.edu.cn/sites/default/files/2026-05/TechnologyTransferofOpen-SourceDataInfrastructureforEmbodiedAITheAIRSPEEDCase.pdf,pdf-download,ok,raw/robotics-embodied-ai/documents/SRC-robotics-186-airspeed-technology-transfer-report.pdf,2026-06-23T12:53:25+00:00,PDF captured and pdftotext sidecar generated
SRC-robotics-187,开源数据平台 AIRSPEED 技术转移报告,https://airs.cuhk.edu.cn/sites/default/files/2026-05/TechnologyTransferofOpen-SourceDataInfrastructureforEmbodiedAITheAIRSPEEDCase-CN.pdf,pdf-download,ok,raw/robotics-embodied-ai/documents/SRC-robotics-187-airspeed-technology-transfer-report-cn.pdf,2026-06-23T12:53:25+00:00,PDF captured and pdftotext sidecar generated
SRC-robotics-188,AIRSPEED GitHub README,https://github.com/airs-cuhk/airspeed,direct-download,ok,raw/robotics-embodied-ai/documents/SRC-robotics-188-airspeed-github-readme.md,2026-06-23T12:53:25+00:00,README downloaded from raw.githubusercontent.com and registered against GitHub repository
SRC-robotics-189,Dora 1.0 official website,https://dora-rs.ai/,defuddle,fallback_html,raw/robotics-embodied-ai/documents/SRC-robotics-189-dora-1-0-official-website.md,2026-06-23T13:01:56+00:00,Error: Timed out fetching page after 10s
SRC-robotics-190,Dora guides and support matrix,https://www.dora-rs.ai/docs/guides/,defuddle,failed,raw/robotics-embodied-ai/documents/SRC-robotics-190-dora-guides-and-support-matrix.md,2026-06-23T13:03:59+00:00,Error: fetch failed; fallback HTML download failed: HTTP Error 404: Not Found
SRC-robotics-191,Dora GitHub README,https://raw.githubusercontent.com/dora-rs/dora/main/README.md,direct-download,ok,raw/robotics-embodied-ai/documents/SRC-robotics-191-dora-github-readme.md,2026-06-23T13:01:56+00:00,
SRC-robotics-192,Dora PyPI package dora-rs,https://pypi.org/project/dora-rs/,defuddle,ok,raw/robotics-embodied-ai/documents/SRC-robotics-192-dora-pypi-package-dora-rs.md,2026-06-23T13:01:56+00:00,
SRC-robotics-193,Dora GitHub release v0.5.0,https://github.com/dora-rs/dora/releases/tag/v0.5.0,defuddle,fallback_html,raw/robotics-embodied-ai/documents/SRC-robotics-193-dora-github-release-v0-5-0.md,2026-06-23T13:06:21+00:00,Error: Timed out fetching page after 10s
SRC-robotics-194,DORA Dataflow-Oriented Robotic Architecture paper,https://arxiv.org/abs/2602.13252,defuddle,ok,raw/robotics-embodied-ai/documents/SRC-robotics-194-dora-dataflow-oriented-robotic-architecture-paper.md,2026-06-23T13:01:56+00:00,
SRC-robotics-195,Dora robotic dataflow benchmark repository,https://github.com/dora-rs/dora-benchmark,defuddle,ok,raw/robotics-embodied-ai/documents/SRC-robotics-195-dora-robotic-dataflow-benchmark-repository.md,2026-06-23T13:01:56+00:00,
SRC-robotics-196,ROS 2 releases official documentation,https://raw.githubusercontent.com/ros2/ros2_documentation/rolling/source/Releases.rst,defuddle,fallback_html,raw/robotics-embodied-ai/documents/SRC-robotics-196-ros-2-releases-official-documentation.md,2026-06-23T13:01:56+00:00,Error: Timed out fetching page after 10s
SRC-robotics-197,ROS 2 nodes official documentation,https://raw.githubusercontent.com/ros2/ros2_documentation/rolling/source/Concepts/Basic/About-Nodes.rst,defuddle,fallback_html,raw/robotics-embodied-ai/documents/SRC-robotics-197-ros-2-nodes-official-documentation.md,2026-06-23T13:01:56+00:00,Error: Timed out fetching page after 10s
SRC-robotics-198,ROS 2 QoS official documentation,https://raw.githubusercontent.com/ros2/ros2_documentation/rolling/source/Concepts/Intermediate/About-Quality-of-Service-Settings.rst,defuddle,fallback_html,raw/robotics-embodied-ai/documents/SRC-robotics-198-ros-2-qos-official-documentation.md,2026-06-23T13:01:56+00:00,Error: Timed out fetching page after 10s
SRC-robotics-199,ROS 2 Design Architecture and Uses in the Wild,https://arxiv.org/abs/2211.07752,defuddle,ok,raw/robotics-embodied-ai/documents/SRC-robotics-199-ros-2-design-architecture-and-uses-in-the-wild.md,2026-06-23T13:01:56+00:00,
SRC-robotics-200,"Sense, Imagine, Act: Multimodal World Models for Robotic Control",https://arxiv.org/abs/2305.04750,defuddle,ok,raw/robotics-embodied-ai/documents/SRC-robotics-200-sense-imagine-act-multimodal-world-models-for-robotic-control.md,2026-06-29T03:29:07+00:00,
SRC-robotics-201,MUVO: A Multimodal World Model for Autonomous Driving with Geometric Representations,https://arxiv.org/abs/2311.11762,defuddle,ok,raw/robotics-embodied-ai/documents/SRC-robotics-201-muvo-a-multimodal-world-model-for-autonomous-driving-with-geometric-representati.md,2026-06-29T03:29:07+00:00,
SRC-robotics-202,Copilot4D: Learning Unsupervised World Models for Autonomous Driving via Discrete Diffusion,https://arxiv.org/abs/2311.01017,defuddle,ok,raw/robotics-embodied-ai/documents/SRC-robotics-202-copilot4d-learning-unsupervised-world-models-for-autonomous-driving-via-discrete.md,2026-06-29T03:29:07+00:00,
SRC-robotics-203,OccWorld: Learning a 3D Occupancy World Model for Autonomous Driving,https://arxiv.org/abs/2311.16038,defuddle,ok,raw/robotics-embodied-ai/documents/SRC-robotics-203-occworld-learning-a-3d-occupancy-world-model-for-autonomous-driving.md,2026-06-29T03:29:07+00:00,
SRC-robotics-204,LidarDM: Generative LiDAR Simulation in a Generated World,https://arxiv.org/abs/2404.02903,defuddle,ok,raw/robotics-embodied-ai/documents/SRC-robotics-204-lidardm-generative-lidar-simulation-in-a-generated-world.md,2026-06-29T03:29:07+00:00,
SRC-robotics-205,OccSora: 4D Occupancy Generation Models as World Simulators for Autonomous Driving,https://arxiv.org/abs/2405.20337,defuddle,ok,raw/robotics-embodied-ai/documents/SRC-robotics-205-occsora-4d-occupancy-generation-models-as-world-simulators-for-autonomous-drivin.md,2026-06-29T03:29:07+00:00,
SRC-robotics-206,BEVWorld: A Multimodal World Model for Autonomous Driving via Unified BEV Latent Space,https://arxiv.org/abs/2407.05679,defuddle,ok,raw/robotics-embodied-ai/documents/SRC-robotics-206-bevworld-a-multimodal-world-model-for-autonomous-driving-via-unified-bev-latent.md,2026-06-29T03:29:07+00:00,
SRC-robotics-207,Drive-OccWorld: 4D Pre-trained World Model for Autonomous Driving,https://arxiv.org/abs/2408.14197,defuddle,ok,raw/robotics-embodied-ai/documents/SRC-robotics-207-drive-occworld-4d-pre-trained-world-model-for-autonomous-driving.md,2026-06-29T03:29:07+00:00,
SRC-robotics-208,DFIT-OccWorld: An Efficient Occupancy World Model via Decoupled Dynamic Flow and Image-assisted Training,https://arxiv.org/abs/2412.13772,defuddle,ok,raw/robotics-embodied-ai/documents/SRC-robotics-208-dfit-occworld-an-efficient-occupancy-world-model-via-decoupled-dynamic-flow-and.md,2026-06-29T03:29:07+00:00,
SRC-robotics-209,OccLLaMA: An Occupancy-Language-Action Generative World Model for Autonomous Driving,https://arxiv.org/abs/2409.03272,defuddle,ok,raw/robotics-embodied-ai/documents/SRC-robotics-209-occllama-an-occupancy-language-action-generative-world-model-for-autonomous-driv.md,2026-06-29T03:29:07+00:00,
SRC-robotics-210,AD-L-JEPA: Self-Supervised Spatial World Models from LiDAR for Autonomous Driving,https://arxiv.org/abs/2501.04969,defuddle,fallback_html,raw/robotics-embodied-ai/documents/SRC-robotics-210-ad-l-jepa-self-supervised-spatial-world-models-from-lidar-for-autonomous-driving.md,2026-06-29T03:29:07+00:00,Error: Timed out fetching page after 10s
SRC-robotics-211,RoboOccWorld: Benchmarking 3D Occupancy World Models for Robots,https://arxiv.org/abs/2507.05138,defuddle,ok,raw/robotics-embodied-ai/documents/SRC-robotics-211-robooccworld-benchmarking-3d-occupancy-world-models-for-robots.md,2026-06-29T03:29:07+00:00,
SRC-robotics-212,LiSTAR: LiDAR Spatial-Temporal Aggregation and Rendering for Ray-Centric World Models,https://arxiv.org/abs/2503.03659,defuddle,ok,raw/robotics-embodied-ai/documents/SRC-robotics-212-listar-lidar-spatial-temporal-aggregation-and-rendering-for-ray-centric-world-mo.md,2026-06-29T03:29:07+00:00,
SRC-robotics-213,World Models for Autonomous Navigation of Terrestrial Robots from LIDAR Observations,https://arxiv.org/abs/2512.03429,defuddle,ok,raw/robotics-embodied-ai/documents/SRC-robotics-213-world-models-for-autonomous-navigation-of-terrestrial-robots-from-lidar-observat.md,2026-06-29T03:29:07+00:00,
SRC-robotics-214,AD-LiST-JEPA: Joint Embedding Predictive Architecture for Spatial-Temporal World Modeling in Autonomous Driving,https://arxiv.org/abs/2602.12540,defuddle,ok,raw/robotics-embodied-ai/documents/SRC-robotics-214-ad-list-jepa-joint-embedding-predictive-architecture-for-spatial-temporal-world.md,2026-06-29T03:29:07+00:00,
SRC-robotics-215,HERMES++: A Self-Supervised Framework for Simultaneous 3D Scene Understanding and Generation,https://arxiv.org/abs/2604.11325,defuddle,ok,raw/robotics-embodied-ai/documents/SRC-robotics-215-hermes-a-self-supervised-framework-for-simultaneous-3d-scene-understanding-and-g.md,2026-06-29T03:29:07+00:00,
SRC-robotics-216,GEM: Generating LiDAR World Models with Deformable Mamba,https://arxiv.org/abs/2605.20574,defuddle,ok,raw/robotics-embodied-ai/documents/SRC-robotics-216-gem-generating-lidar-world-models-with-deformable-mamba.md,2026-06-29T03:29:07+00:00,
SRC-robotics-217,UniDriveDreamer: Unified Latent Anchoring for Multimodal Driving World Models,https://arxiv.org/abs/2606.04125,defuddle,ok,raw/robotics-embodied-ai/documents/SRC-robotics-217-unidrivedreamer-unified-latent-anchoring-for-multimodal-driving-world-models.md,2026-06-29T03:29:07+00:00,
SRC-robotics-233,HapMorph: A Pneumatic Framework for Multi-Dimensional Haptic Property Rendering,https://arxiv.org/abs/2509.05433,defuddle,ok,raw/robotics-embodied-ai/documents/SRC-robotics-233-hapmorph-a-pneumatic-framework-for-multi-dimensional-haptic-property-rendering.md,2026-07-05T01:11:35+00:00,
SRC-robotics-238,NVIDIA Isaac Sim 4.5 documentation,https://docs.isaacsim.omniverse.nvidia.com/4.5.0/index.html,defuddle,ok,raw/robotics-embodied-ai/documents/SRC-robotics-238-nvidia-isaac-sim-4-5-documentation.md,2026-07-07T01:22:12+00:00,
SRC-robotics-239,NVIDIA Isaac Sim 4.5 system requirements,https://docs.isaacsim.omniverse.nvidia.com/4.5.0/installation/requirements.html,defuddle,ok,raw/robotics-embodied-ai/documents/SRC-robotics-239-nvidia-isaac-sim-4-5-system-requirements.md,2026-07-07T01:22:12+00:00,
SRC-robotics-240,NVIDIA Isaac Lab binary installation documentation,https://isaac-sim.github.io/IsaacLab/main/source/setup/installation/binaries_installation.html,defuddle,ok,raw/robotics-embodied-ai/documents/SRC-robotics-240-nvidia-isaac-lab-binary-installation-documentation.md,2026-07-07T01:22:12+00:00,
SRC-robotics-241,Do as I Do Dexterous Manipulation Data from Everyday Human Videos,https://arxiv.org/html/2606.19333,defuddle,ok,raw/robotics-embodied-ai/documents/SRC-robotics-241-do-as-i-do-dexterous-manipulation-data-from-everyday-human-videos.md,2026-07-07T01:22:12+00:00,
SRC-robotics-242,ABot-M0.5 Unified Mobility-and-Manipulation World Action Model,https://arxiv.org/html/2607.00678,defuddle,ok,raw/robotics-embodied-ai/documents/SRC-robotics-242-abot-m0-5-unified-mobility-and-manipulation-world-action-model.md,2026-07-07T01:22:12+00:00,
SRC-robotics-271,自变量机器人官网：WALL-B 与公司信息,https://x2robot.com/about,defuddle,ok,raw/robotics-embodied-ai/documents/SRC-robotics-271-wall-b.md,2026-07-11T01:12:52+00:00,
SRC-robotics-272,Vision Pretraining for Dense Spatial Perception,https://arxiv.org/abs/2607.05247,defuddle,ok,raw/robotics-embodied-ai/documents/SRC-robotics-272-vision-pretraining-for-dense-spatial-perception.md,2026-07-11T01:12:52+00:00,
SRC-robotics-254,SRT企业简介,https://www.softrobottech.com/web/zh/com/brief,defuddle,ok,raw/robotics-embodied-ai/documents/SRC-robotics-254-srt.md,2026-07-13T06:17:02+00:00,
SRC-robotics-255,SRT团队介绍,https://www.softrobottech.com/web/zh/com/team,defuddle,ok,raw/robotics-embodied-ai/documents/SRC-robotics-255-srt.md,2026-07-13T06:17:06+00:00,
SRC-robotics-256,SFG-SNM2-N4049柔性夹爪产品页,https://www.softrobottech.com/web/zh/product/292,defuddle,ok,raw/robotics-embodied-ai/documents/SRC-robotics-256-sfg-snm2-n4049.md,2026-07-13T06:17:09+00:00,
SRC-robotics-257,SRT连续完成C轮和C+轮共1.5亿元融资,https://www.softrobottech.com/web/zh/news/2023080801504470347866,defuddle,ok,raw/robotics-embodied-ai/documents/SRC-robotics-257-srt-c-c-1-5.md,2026-07-13T06:17:12+00:00,
SRC-robotics-258,北京市专精特新企业月度发展报告2024年3月,https://www.beijing.gov.cn/fuwu/lqfw/ztzl/zjtxqyfw/ydfzbg/202409/t20240902_3787856.html,defuddle,ok,raw/robotics-embodied-ai/documents/SRC-robotics-258-2024-3.md,2026-07-13T06:17:15+00:00,
SRC-robotics-259,北京经开区企业推动软体机器人技术赋能千行百业,https://kw.beijing.gov.cn/xwdt/kcyx/xwdtyqqy/202603/t20260311_4554267.html,defuddle,ok,raw/robotics-embodied-ai/documents/SRC-robotics-259-source.md,2026-07-13T06:17:18+00:00,
SRC-robotics-260,浙江巍华新材料股份有限公司招股说明书,https://static.sse.com.cn/stock/disclosure/announcement/c/202310/001583_20231027_NUNO.pdf,pdf-extract-pdftotext,ok,raw/robotics-embodied-ai/documents/SRC-robotics-260-source.md,2026-07-13T06:18:00+00:00,
SRC-robotics-261,Pavlov H1901手部主被动运动康复训练器,https://www.softrobottech.com/web/zh/news/2023032007311106734630,defuddle,ok,raw/robotics-embodied-ai/documents/SRC-robotics-261-pavlov-h1901.md,2026-07-13T06:17:24+00:00,
SRC-robotics-262,北京软体机器人科技股份有限公司工商聚合页,https://m.shuidi.cn/company-d3ccf221fe942d2c609dec42d43b73df.html,defuddle,ok,raw/robotics-embodied-ai/documents/SRC-robotics-262-source.md,2026-07-13T06:17:28+00:00,
SRC-robotics-263,前软体机器人创始人兼CEO高少龙再创业聚焦具身数据服务,https://aitntnews.com/newDetail.html?newId=24775,defuddle,ok,raw/robotics-embodied-ai/documents/SRC-robotics-263-ceo.md,2026-07-13T06:17:31+00:00,
SRC-robotics-264,OnRobot Soft Gripper official product announcement,https://onrobot.com/en/news/onrobot-soft-gripper-brings-highly-flexible-food-grade-certified-handling-to-challenging-pick-and-place-applications,defuddle,ok,raw/robotics-embodied-ai/documents/SRC-robotics-264-onrobot-soft-gripper-official-product-announcement.md,2026-07-13T06:17:34+00:00,
SRC-robotics-265,柔触机器人官网,https://www.rochu.com/,defuddle,ok,raw/robotics-embodied-ai/documents/SRC-robotics-265-source.md,2026-07-13T06:17:38+00:00,
SRC-robotics-266,抓握型夹持器用可充气柔性手指通用规范,https://www.ttbz.org.cn/Home/PdfFileStreamGet/c3QsNzIyNDA%28eq%29,manual_review,failed,raw/robotics-embodied-ai/documents/SRC-robotics-266-source.md,2026-07-13T06:17:41+00:00,Defuddle output contained only the site system-error message; replace with official PDF.
SRC-robotics-267,北京科技职业大学与SRT共建产教融合新高地,https://www.bpu.edu.cn/info/1055/11295.htm,manual_review,failed,raw/robotics-embodied-ai/documents/SRC-robotics-267-srt.md,2026-07-13T06:17:43+00:00,Defuddle output omitted the article body; recapture with browser or institutional mirror.
SRC-robotics-268,SRT连续完成数千万元Pre-A与A轮融资,https://finance.sina.com.cn/money/smjj/smgq/2019-04-26/doc-ihvhiqax5172777.shtml,defuddle,ok,raw/robotics-embodied-ai/documents/SRC-robotics-268-srt-pre-a-a.md,2026-07-13T06:17:46+00:00,
SRC-robotics-269,创新工场董事长兼CEO李开复到访SRT,https://www.softrobottech.com/web/zh/news/2021110507024368917000,defuddle,ok,raw/robotics-embodied-ai/documents/SRC-robotics-269-ceo-srt.md,2026-07-13T06:17:49+00:00,
SRC-robotics-270,机器臂能够抓起生蛋黄液标准超美国公司10倍这家创新公司的确有一手,https://finance.sina.com.cn/chanjing/gsnews/2021-10-22/doc-iktzqtyu2895139.shtml,defuddle,ok,raw/robotics-embodied-ai/documents/SRC-robotics-270-10.md,2026-07-13T06:19:08+00:00,
SRC-robotics-275,HaWoR World-Space Hand Motion Reconstruction from Egocentric Videos,https://openaccess.thecvf.com/content/CVPR2025/html/Zhang_HaWoR_World-Space_Hand_Motion_Reconstruction_from_Egocentric_Videos_CVPR_2025_paper.html,defuddle,ok,raw/robotics-embodied-ai/documents/SRC-robotics-275-hawor-world-space-hand-motion-reconstruction-from-egocentric-videos.md,2026-07-14T02:34:29+00:00,
SRC-robotics-276,DexUMI Using Human Hand as the Universal Manipulation Interface for Dexterous Manipulation,https://arxiv.org/abs/2505.21864,defuddle,ok,raw/robotics-embodied-ai/documents/SRC-robotics-276-dexumi-using-human-hand-as-the-universal-manipulation-interface-for-dexterous-ma.md,2026-07-14T02:34:31+00:00,
SRC-robotics-277,DexCap Scalable and Portable Mocap Data Collection System for Dexterous Manipulation,https://arxiv.org/abs/2403.07788,defuddle,ok,raw/robotics-embodied-ai/documents/SRC-robotics-277-dexcap-scalable-and-portable-mocap-data-collection-system-for-dexterous-manipula.md,2026-07-14T02:34:31+00:00,
SRC-robotics-278,UniDex A Robot Foundation Suite for Universal Dexterous Hand Control from Egocentric Human Videos,https://arxiv.org/abs/2603.22264,defuddle,ok,raw/robotics-embodied-ai/documents/SRC-robotics-278-unidex-a-robot-foundation-suite-for-universal-dexterous-hand-control-from-egocen.md,2026-07-14T02:34:32+00:00,
SRC-robotics-279,UniDex official implementation,https://github.com/unidex-ai/UniDex,defuddle,ok,raw/robotics-embodied-ai/documents/SRC-robotics-279-unidex-official-implementation.md,2026-07-14T02:34:32+00:00,
SRC-robotics-280,EgoScale Scaling Dexterous Manipulation with Diverse Egocentric Human Data,https://arxiv.org/abs/2602.16710,defuddle,ok,raw/robotics-embodied-ai/documents/SRC-robotics-280-egoscale-scaling-dexterous-manipulation-with-diverse-egocentric-human-data.md,2026-07-14T02:34:34+00:00,
SRC-robotics-281,SPIDER Scalable Physics-Informed Dexterous Retargeting,https://arxiv.org/abs/2511.09484,defuddle,ok,raw/robotics-embodied-ai/documents/SRC-robotics-281-spider-scalable-physics-informed-dexterous-retargeting.md,2026-07-14T02:34:34+00:00,
SRC-robotics-282,SPIDER official implementation,https://github.com/facebookresearch/spider,defuddle,ok,raw/robotics-embodied-ai/documents/SRC-robotics-282-spider-official-implementation.md,2026-07-14T02:34:35+00:00,
SRC-robotics-283,Geometric Retargeting A Principled Ultrafast Neural Hand Retargeting Algorithm,https://arxiv.org/abs/2503.07541,defuddle,ok,raw/robotics-embodied-ai/documents/SRC-robotics-283-geometric-retargeting-a-principled-ultrafast-neural-hand-retargeting-algorithm.md,2026-07-14T02:34:36+00:00,
SRC-robotics-284,NVIDIA Isaac Sim 6.0.1 download and release page,https://docs.isaacsim.omniverse.nvidia.com/6.0.1/installation/download.html,defuddle,ok,raw/robotics-embodied-ai/documents/SRC-robotics-284-nvidia-isaac-sim-6-0-1-download-and-release-page.md,2026-07-14T03:30:40+00:00,
SRC-robotics-285,NVIDIA Isaac Sim 6.0.1 system requirements,https://docs.isaacsim.omniverse.nvidia.com/6.0.1/installation/requirements.html,defuddle,ok,raw/robotics-embodied-ai/documents/SRC-robotics-285-nvidia-isaac-sim-6-0-1-system-requirements.md,2026-07-14T03:30:40+00:00,
SRC-robotics-286,NVIDIA Isaac Sim 6.0.1 license FAQ,https://docs.isaacsim.omniverse.nvidia.com/6.0.1/common/license-faq.html,defuddle,ok,raw/robotics-embodied-ai/documents/SRC-robotics-286-nvidia-isaac-sim-6-0-1-license-faq.md,2026-07-14T03:30:40+00:00,
SRC-robotics-287,Gazebo release lifecycle,https://gazebosim.org/docs/latest/releases/,defuddle,ok,raw/robotics-embodied-ai/documents/SRC-robotics-287-gazebo-release-lifecycle.md,2026-07-14T03:30:40+00:00,
SRC-robotics-288,Gazebo Jetty release notes,https://gazebosim.org/docs/latest/release_notes/,defuddle,ok,raw/robotics-embodied-ai/documents/SRC-robotics-288-gazebo-jetty-release-notes.md,2026-07-14T03:30:40+00:00,
SRC-robotics-289,Installing Gazebo with ROS compatibility guide,https://gazebosim.org/docs/latest/ros_installation/,defuddle,ok,raw/robotics-embodied-ai/documents/SRC-robotics-289-installing-gazebo-with-ros-compatibility-guide.md,2026-07-14T03:30:40+00:00,
SRC-robotics-290,Gazebo Sim official repository features and license,https://github.com/gazebosim/gz-sim,defuddle,ok,raw/robotics-embodied-ai/documents/SRC-robotics-290-gazebo-sim-official-repository-features-and-license.md,2026-07-14T03:30:40+00:00,
SRC-robotics-291,MuJoCo changelog,https://mujoco.readthedocs.io/en/stable/changelog.html,defuddle,ok,raw/robotics-embodied-ai/documents/SRC-robotics-291-mujoco-changelog.md,2026-07-14T03:30:40+00:00,
SRC-robotics-292,MuJoCo overview and key features,https://mujoco.readthedocs.io/en/stable/overview.html,defuddle,ok,raw/robotics-embodied-ai/documents/SRC-robotics-292-mujoco-overview-and-key-features.md,2026-07-14T03:30:40+00:00,
SRC-robotics-293,MuJoCo XLA and MuJoCo Warp documentation,https://mujoco.readthedocs.io/en/stable/mjx.html,defuddle,ok,raw/robotics-embodied-ai/documents/SRC-robotics-293-mujoco-xla-and-mujoco-warp-documentation.md,2026-07-14T03:30:40+00:00,
SRC-robotics-294,MuJoCo official releases,https://github.com/google-deepmind/mujoco/releases,defuddle,ok,raw/robotics-embodied-ai/documents/SRC-robotics-294-mujoco-official-releases.md,2026-07-14T03:30:40+00:00,
SRC-robotics-295,MuJoCo Apache 2.0 license,https://github.com/google-deepmind/mujoco/blob/main/LICENSE,defuddle,ok,raw/robotics-embodied-ai/documents/SRC-robotics-295-mujoco-apache-2-0-license.md,2026-07-14T03:30:40+00:00,
SRC-robotics-296,JAX installation and accelerator backend support,https://docs.jax.dev/en/latest/installation.html,defuddle,ok,raw/robotics-embodied-ai/documents/SRC-robotics-296-jax-installation-and-accelerator-backend-support.md,2026-07-14T06:34:51+00:00,
SRC-robotics-297,Gazebo Rendering installation and backend guide,https://gazebosim.org/api/rendering/7/installation.html,defuddle,ok,raw/robotics-embodied-ai/documents/SRC-robotics-297-gazebo-rendering-installation-and-backend-guide.md,2026-07-14T06:34:51+00:00,
SRC-robotics-298,Gazebo headless rendering with EGL,https://gazebosim.org/api/sim/9/headless_rendering.html,defuddle,ok,raw/robotics-embodied-ai/documents/SRC-robotics-298-gazebo-headless-rendering-with-egl.md,2026-07-14T06:34:51+00:00,
SRC-robotics-299,Moore Threads MUSA SDK software stack,https://docs.mthreads.com/musa-sdk/musa-sdk-doc-online/programming_guide/what_is_musa/musa_sdk/,defuddle,ok,raw/robotics-embodied-ai/documents/SRC-robotics-299-moore-threads-musa-sdk-software-stack.md,2026-07-14T06:34:51+00:00,
SRC-robotics-300,Moore Perf System graphics API support,https://docs.mthreads.com/mooreperf/mooreperf-doc-online/moore_perf_system/introduction/,defuddle,ok,raw/robotics-embodied-ai/documents/SRC-robotics-300-moore-perf-system-graphics-api-support.md,2026-07-14T06:34:51+00:00,
SRC-robotics-301,Hygon DCU ROCm compatibility disclosure,https://static.sse.com.cn/stock/disclosure/announcement/c/202201/001043_20220124_HGDK.pdf,pdf-extract-pdftotext,ok,raw/robotics-embodied-ai/documents/SRC-robotics-301-hygon-dcu-rocm-compatibility-disclosure.md,2026-07-14T06:35:16+00:00,
SRC-robotics-302,Ascend CANN 8.3 RC1 documentation index,https://www.hiascend.com/document/detail/zh/canncommercial/83RC1/index/index.html,defuddle,ok,raw/robotics-embodied-ai/documents/SRC-robotics-302-ascend-cann-8-3-rc1-documentation-index.md,2026-07-14T06:34:51+00:00,
SRC-robotics-303,MetaX products and MXMACA software ecosystem,https://www.metax-tech.com/about.html,defuddle,ok,raw/robotics-embodied-ai/documents/SRC-robotics-303-metax-products-and-mxmaca-software-ecosystem.md,2026-07-14T06:34:51+00:00,
SRC-robotics-304,BIRENSUPA software platform,https://www.birentech.com/product/software/birensupa/,defuddle,ok,raw/robotics-embodied-ai/documents/SRC-robotics-304-birensupa-software-platform.md,2026-07-14T06:34:51+00:00,
SRC-robotics-305,Iluvatar CoreX software stack,https://www.iluvatar.com/software?fullCode=cpjs-rj-rjz,defuddle,ok,raw/robotics-embodied-ai/documents/SRC-robotics-305-iluvatar-corex-software-stack.md,2026-07-14T06:34:51+00:00,
SRC-robotics-306,Cambricon BANGPy developer manual,https://forum.cambricon.com/uploadfile/user/file/20210623/1624435112766564.pdf,pdf-extract-pdftotext,ok,raw/robotics-embodied-ai/documents/SRC-robotics-306-cambricon-bangpy-developer-manual.md,2026-07-14T06:35:16+00:00,
SRC-robotics-307,RoboTTT Context Scaling for Robot Policies,https://arxiv.org/abs/2607.15275,defuddle,ok,raw/robotics-embodied-ai/documents/SRC-robotics-307-robottt-context-scaling-for-robot-policies.md,2026-07-18T03:24:23+00:00,
SRC-robotics-308,π0.5: a Vision-Language-Action Model with Open-World Generalization,https://arxiv.org/abs/2504.16054,defuddle,ok,raw/robotics-embodied-ai/documents/SRC-robotics-308-0-5-a-vision-language-action-model-with-open-world-generalization.md,2026-07-20T00:38:46+00:00,
SRC-robotics-309,π*0.6: a VLA That Learns From Experience,https://arxiv.org/abs/2511.14759,defuddle,ok,raw/robotics-embodied-ai/documents/SRC-robotics-309-0-6-a-vla-that-learns-from-experience.md,2026-07-20T00:38:46+00:00,
SRC-robotics-310,MATRiX repository README at audited commit,https://raw.githubusercontent.com/zsibot/matrix/918fae36216e4abb70fbbe275c687c0127fe4b02/README.md,direct-download,ok,raw/robotics-embodied-ai/documents/SRC-robotics-310-matrix-repository-readme-at-audited-commit.md,2026-07-20T08:56:55+00:00,
SRC-robotics-311,MATRiX v0.1.2 release and package manifest,https://github.com/zsibot/matrix/releases/tag/v0.1.2,defuddle,ok,raw/robotics-embodied-ai/documents/SRC-robotics-311-matrix-v0-1-2-release-and-package-manifest.md,2026-07-20T08:57:11+00:00,
SRC-robotics-313,GENISOM AI official open-source catalog,https://www.genisomai.com/en/opensource,defuddle,ok,raw/robotics-embodied-ai/documents/SRC-robotics-313-genisom-ai-official-open-source-catalog.md,2026-07-20T08:57:16+00:00,
SRC-robotics-314,MuJoCo Unreal Engine Plugin upstream repository,https://github.com/oneclicklabs/MuJoCo-Unreal-Engine-Plugin,defuddle,ok,raw/robotics-embodied-ai/documents/SRC-robotics-314-mujoco-unreal-engine-plugin-upstream-repository.md,2026-07-20T08:57:22+00:00,
SRC-robotics-315,Unreal Robotics Lab: A High-Fidelity Robotics Simulator with Advanced Physics and Rendering,https://arxiv.org/abs/2504.14135,defuddle,ok,raw/robotics-embodied-ai/documents/SRC-robotics-315-unreal-robotics-lab-a-high-fidelity-robotics-simulator-with-advanced-physics-and.md,2026-07-20T08:57:27+00:00,
SRC-robotics-316,2026年度人形机器人与具身智能实景实训专项行动,https://www.miit.gov.cn/jgsj/kjs/wjfb/art/2026/art_cd666691abf8471fb8553d463aa416e3.html,defuddle,ok,raw/robotics-embodied-ai/documents/SRC-robotics-316-2026.md,2026-07-20T08:57:31+00:00,
SRC-robotics-317,人形机器人模型训练平台技术规范国家标准计划,https://std.samr.gov.cn/gb/search/gbDetailed?id=4E645DFFD61F7395E06397BE0A0AE96A,defuddle,ok,raw/robotics-embodied-ai/documents/SRC-robotics-317-source.md,2026-07-20T08:57:37+00:00,
SRC-robotics-312,MATRiX GitHub maintenance and issue audit,https://api.github.com/repos/zsibot/matrix,manual-api-summary,manual_parse,raw/robotics-embodied-ai/documents/SRC-robotics-312-matrix-github-maintenance-and-issue-audit.md,2026-07-20T08:57:45+00:00,
SRC-robotics-318,途见科技官网与具身智能产品解决方案,https://www.tachintech.com/zh,defuddle,ok,raw/robotics-embodied-ai/documents/SRC-robotics-318-source.md,2026-07-20T01:11:35+00:00,
SRC-robotics-319,深圳发改委：途见科技创始人赖建诚访谈,https://fgw.sz.gov.cn/ztzl/qtztzl/szscjmyjjfzzhfwpt/mqfc/myqyjdxsj/content/post_12066452.html,defuddle,failed,raw/robotics-embodied-ai/documents/SRC-robotics-319-source.md,2026-07-20T01:11:35+00:00,Error: C0982BF401000000:error:0A000132:SSL routines:tls_process_ske_ecdhe:bad ecpoint:../deps/openssl/openssl/ssl/statem/statem_clnt.c:2422:; fallback HTML download failed: <urlopen error [SSL: BAD_ECPOINT] bad ecpoint (_ssl.c:1032)>
SRC-robotics-320,兆威机电2025年年度报告：仿生灵巧手研发,https://disc.static.szse.cn/disc/disk03/finalpage/2026-03-31/6df2c5df-7140-4a1f-b246-2cb97c16d228.PDF,pdf-download,ok,raw/robotics-embodied-ai/documents/SRC-robotics-320-2025.pdf,2026-07-20T01:11:35+00:00,PDF preserved; a later text-extraction attempt failed because the configured SOCKS proxy lacks socksio.
SRC-robotics-321,LingBot-VLA 官方代码与部署文档,https://github.com/Robbyant/lingbot-vla,defuddle,ok,raw/robotics-embodied-ai/documents/SRC-robotics-321-lingbot-vla.md,2026-07-23T01:06:56+00:00,
SRC-robotics-322,A Pragmatic VLA Foundation Model,https://arxiv.org/abs/2601.18692,defuddle,ok,raw/robotics-embodied-ai/documents/SRC-robotics-322-a-pragmatic-vla-foundation-model.md,2026-07-23T01:07:16+00:00,
SRC-robotics-323,RLinf official repository,https://github.com/RLinf/RLinf,defuddle,ok,raw/robotics-embodied-ai/documents/SRC-robotics-323-rlinf-official-repository.md,2026-07-28T01:13:01+00:00,
SRC-robotics-324,π_RL: Online RL Fine-tuning for Flow-based Vision-Language-Action Models,https://arxiv.org/abs/2510.25889,defuddle,ok,raw/robotics-embodied-ai/documents/SRC-robotics-324-rlinf-reinforcement-learning-infrastructure-for-embodied-and-agentic-ai.md,2026-07-28T01:13:01+00:00,
SRC-robotics-325,LeRobot SO-101 official documentation,https://huggingface.co/docs/lerobot/en/so101,defuddle,ok,raw/robotics-embodied-ai/documents/SRC-robotics-325-lerobot-so-101-official-documentation.md,2026-07-28T01:13:01+00:00,
SRC-robotics-326,OpenArm official repository,https://github.com/enactic/openarm,defuddle,ok,raw/robotics-embodied-ai/documents/SRC-robotics-326-openarm-official-repository.md,2026-07-28T01:13:01+00:00,
SRC-robotics-327,"RoboVerse: Towards a Unified Platform, Dataset and Benchmark for Scalable and Generalizable Robot Learning",https://arxiv.org/abs/2504.18904,defuddle,ok,raw/robotics-embodied-ai/documents/SRC-robotics-327-roboverse-towards-a-unified-platform-dataset-and-benchmark-for-scalable-and-gene.md,2026-07-28T04:53:51+00:00,
SRC-robotics-328,RoboVerse repository README at audited commit,https://raw.githubusercontent.com/RoboVerseOrg/RoboVerse/e9b5c6efeb665052edeb934fc3172df8b9d3c9d7/README.md,direct-download,ok,raw/robotics-embodied-ai/documents/SRC-robotics-328-roboverse-repository-readme-at-audited-commit.md,2026-07-28T04:53:51+00:00,
SRC-robotics-329,RoboVerse scope and architecture documentation at audited commit,https://raw.githubusercontent.com/RoboVerseOrg/RoboVerse/e9b5c6efeb665052edeb934fc3172df8b9d3c9d7/docs/source/index.md,direct-download,ok,raw/robotics-embodied-ai/documents/SRC-robotics-329-roboverse-scope-and-architecture-documentation-at-audited-commit.md,2026-07-28T04:53:51+00:00,
SRC-robotics-330,RoboVerse multi-agent trajectory format and cross-simulator replay documentation,https://raw.githubusercontent.com/RoboVerseOrg/RoboVerse/e9b5c6efeb665052edeb934fc3172df8b9d3c9d7/docs/source/dataset_benchmark/dataset/multiagent.md,direct-download,ok,raw/robotics-embodied-ai/documents/SRC-robotics-330-roboverse-multi-agent-trajectory-format-and-cross-simulator-replay-documentation.md,2026-07-28T04:53:51+00:00,
SRC-robotics-331,RoboVerse SmolVLA and LeRobot data pipeline documentation,https://raw.githubusercontent.com/RoboVerseOrg/RoboVerse/e9b5c6efeb665052edeb934fc3172df8b9d3c9d7/docs/source/roboverse_learn/imitation_learning/smolvla.md,direct-download,ok,raw/robotics-embodied-ai/documents/SRC-robotics-331-roboverse-smolvla-and-lerobot-data-pipeline-documentation.md,2026-07-28T04:53:51+00:00,
SRC-robotics-332,RoboVerse GitHub repository and issue audit,https://api.github.com/repos/RoboVerseOrg/RoboVerse,defuddle,fallback_html,raw/robotics-embodied-ai/documents/SRC-robotics-332-roboverse-github-repository-and-issue-audit.md,2026-07-28T04:53:51+00:00,Error: Failed to fetch: 415
SRC-robotics-333,Isaac Lab official framework overview,https://isaac-sim.github.io/IsaacLab/main/index.html,defuddle,ok,raw/robotics-embodied-ai/documents/SRC-robotics-333-isaac-lab-official-framework-overview.md,2026-07-28T04:53:51+00:00,
SRC-robotics-334,LeRobotDataset v3 official specification,https://github.com/huggingface/lerobot/blob/main/docs/source/lerobot-dataset-v3.mdx,direct-download,ok,raw/robotics-embodied-ai/documents/SRC-robotics-334-lerobotdataset-v3-official-specification.md,2026-07-28T04:53:51+00:00,
SRC-robotics-335,ManiSkill official framework documentation,https://maniskill.readthedocs.io/en/latest/,defuddle,ok,raw/robotics-embodied-ai/documents/SRC-robotics-335-maniskill-official-framework-documentation.md,2026-07-28T04:53:51+00:00,
SRC-robotics-336,RoboVerse RSS 2025 paper full PDF,https://arxiv.org/pdf/2504.18904.pdf,pdf-extract-pymupdf,ok,raw/robotics-embodied-ai/documents/SRC-robotics-336-roboverse-rss-2025-paper-full-pdf.md,2026-07-28T04:56:20+00:00,
SRC-robotics-337,一文速览具身智能机器人相关核心技术体系,https://mp.weixin.qq.com/s/UR7Vp1g-ITOlFrzE1AseYQ,defuddle,ok,raw/robotics-embodied-ai/documents/SRC-robotics-337-source.md,2026-08-05T05:59:15+00:00,
SRC-robotics-338,ORB-SLAM3 full paper,https://arxiv.org/pdf/2007.11898.pdf,pdf-extract-pdftotext,ok,raw/robotics-embodied-ai/documents/SRC-robotics-338-orb-slam3-full-paper.md,2026-08-05T06:10:43+00:00,
SRC-robotics-339,ORB-SLAM3 official repository README at audited commit,https://raw.githubusercontent.com/UZ-SLAMLab/ORB_SLAM3/4452a3c4ab75b1cde34e5505a36ec3f9edcdc4c4/README.md,direct-download,ok,raw/robotics-embodied-ai/documents/SRC-robotics-339-orb-slam3-official-repository-readme-at-audited-commit.md,2026-08-05T06:10:34+00:00,
SRC-robotics-340,ORB-SLAM3 GitHub repository and maintenance audit,https://api.github.com/repos/UZ-SLAMLab/ORB_SLAM3,github-api-manual-audit,manual_parse,raw/robotics-embodied-ai/documents/SRC-robotics-340-orb-slam3-github-repository-and-maintenance-audit.md,2026-08-05T06:09:12+00:00,
SRC-robotics-341,ORB-SLAM3 v1.0 calibration tutorial,https://raw.githubusercontent.com/UZ-SLAMLab/ORB_SLAM3/4452a3c4ab75b1cde34e5505a36ec3f9edcdc4c4/Calibration_Tutorial.pdf,pdf-extract-pdftotext,ok,raw/robotics-embodied-ai/documents/SRC-robotics-341-orb-slam3-v1-0-calibration-tutorial.md,2026-08-05T06:10:43+00:00,
SRC-robotics-342,ORB-SLAM3 dependency and license inventory at audited commit,https://raw.githubusercontent.com/UZ-SLAMLab/ORB_SLAM3/4452a3c4ab75b1cde34e5505a36ec3f9edcdc4c4/Dependencies.md,direct-download,ok,raw/robotics-embodied-ai/documents/SRC-robotics-342-orb-slam3-dependency-and-license-inventory-at-audited-commit.md,2026-08-05T06:10:34+00:00,
SRC-robotics-343,VINS-Fusion official repository README at audited commit,https://raw.githubusercontent.com/HKUST-Aerial-Robotics/VINS-Fusion/be55a937a57436548ddfb1bd324bc1e9a9e828e0/README.md,direct-download,ok,raw/robotics-embodied-ai/documents/SRC-robotics-343-vins-fusion-official-repository-readme-at-audited-commit.md,2026-08-05T06:09:12+00:00,
SRC-robotics-344,OpenVINS official repository README at audited commit,https://raw.githubusercontent.com/rpng/open_vins/69488123ed9362dd44b6f28e7f4680abbff1442b/ReadMe.md,direct-download,ok,raw/robotics-embodied-ai/documents/SRC-robotics-344-openvins-official-repository-readme-at-audited-commit.md,2026-08-05T06:10:34+00:00,
SRC-robotics-345,RTAB-Map ROS2 official repository README at audited commit,https://raw.githubusercontent.com/introlab/rtabmap_ros/2eef2b3231090f0a5cc2e092fd993166157cdd64/README.md,direct-download,ok,raw/robotics-embodied-ai/documents/SRC-robotics-345-rtab-map-ros2-official-repository-readme-at-audited-commit.md,2026-08-05T06:09:12+00:00,
SRC-robotics-346,NVIDIA cuVSLAM official repository README at audited commit,https://raw.githubusercontent.com/nvidia-isaac/cuVSLAM/7d2463fd8d8e5b0cf3fde94120d2570ba5f43817/README.md,direct-download,ok,raw/robotics-embodied-ai/documents/SRC-robotics-346-nvidia-cuvslam-official-repository-readme-at-audited-commit.md,2026-08-05T06:10:34+00:00,
SRC-robotics-347,TUM VI Benchmark official dataset page,https://cvg.cit.tum.de/data/datasets/visual-inertial-dataset,defuddle,ok,raw/robotics-embodied-ai/documents/SRC-robotics-347-tum-vi-benchmark-official-dataset-page.md,2026-08-05T06:09:12+00:00,
SRC-robotics-348,EuRoC MAV Dataset official page,https://projects.asl.ethz.ch/datasets/doku.php?id=kmavvisualinertialdatasets,defuddle,ok,raw/robotics-embodied-ai/documents/SRC-robotics-348-euroc-mav-dataset-official-page.md,2026-08-05T06:09:12+00:00,
SRC-robotics-349,RTAB-Map ROS2 BSD-3-Clause license at audited commit,https://raw.githubusercontent.com/introlab/rtabmap_ros/2eef2b3231090f0a5cc2e092fd993166157cdd64/LICENSE,direct-download-manual-wrap,manual_parse,raw/robotics-embodied-ai/documents/SRC-robotics-349-rtab-map-ros2-bsd-3-clause-license-at-audited-commit.md,2026-08-05T06:12:04+00:00,
SRC-robotics-351,RTAB-Map core repository README at audited commit,https://raw.githubusercontent.com/introlab/rtabmap/bcdb4b454683efc651a36f044cc85d8f2f5f4ac3/README.md,direct-download,ok,raw/robotics-embodied-ai/documents/SRC-robotics-351-rtab-map-core-repository-readme-at-audited-commit.md,2026-08-05T06:50:08+00:00,
SRC-robotics-352,RTAB-Map core BSD-3-Clause license at audited commit,https://raw.githubusercontent.com/introlab/rtabmap/bcdb4b454683efc651a36f044cc85d8f2f5f4ac3/LICENSE,direct-download-manual-wrap,manual_parse,raw/robotics-embodied-ai/documents/SRC-robotics-352-rtab-map-core-bsd-3-clause-license-at-audited-commit.md,2026-08-05T06:50:08+00:00,
SRC-robotics-353,RTAB-Map GitHub repository release and maintenance audit,https://api.github.com/repos/introlab/rtabmap,github-api-manual-audit,manual_parse,raw/robotics-embodied-ai/documents/SRC-robotics-353-rtab-map-github-repository-release-and-maintenance-audit.md,2026-08-05T06:50:08+00:00,
SRC-robotics-355,cuVSLAM NVIDIA Community License at audited commit,https://raw.githubusercontent.com/nvidia-isaac/cuVSLAM/7d2463fd8d8e5b0cf3fde94120d2570ba5f43817/LICENSE,direct-download-manual-wrap,manual_parse,raw/robotics-embodied-ai/documents/SRC-robotics-355-cuvslam-nvidia-community-license-at-audited-commit.md,2026-08-05T06:50:08+00:00,
SRC-robotics-356,cuVSLAM GitHub repository release and maintenance audit,https://api.github.com/repos/nvidia-isaac/cuVSLAM,github-api-manual-audit,manual_parse,raw/robotics-embodied-ai/documents/SRC-robotics-356-cuvslam-github-repository-release-and-maintenance-audit.md,2026-08-05T06:50:08+00:00,
SRC-robotics-358,OpenVINS official project features and architecture documentation,https://docs.openvins.com/,defuddle,ok,raw/robotics-embodied-ai/documents/SRC-robotics-358-openvins-official-project-features-and-architecture-documentation.md,2026-08-05T06:50:08+00:00,
SRC-robotics-359,OpenVINS official sensor calibration guide,https://docs.openvins.com/gs-calibration.html,defuddle,ok,raw/robotics-embodied-ai/documents/SRC-robotics-359-openvins-official-sensor-calibration-guide.md,2026-08-05T06:50:08+00:00,
SRC-robotics-360,OpenVINS GitHub repository release and maintenance audit,https://api.github.com/repos/rpng/open_vins,github-api-manual-audit,manual_parse,raw/robotics-embodied-ai/documents/SRC-robotics-360-openvins-github-repository-release-and-maintenance-audit.md,2026-08-05T06:50:08+00:00,
SRC-robotics-361,OpenVINS GPL-3.0 license at audited commit,https://raw.githubusercontent.com/rpng/open_vins/69488123ed9362dd44b6f28e7f4680abbff1442b/LICENSE,direct-download-manual-wrap,manual_parse,raw/robotics-embodied-ai/documents/SRC-robotics-361-openvins-gpl-3-0-license-at-audited-commit.md,2026-08-05T06:50:08+00:00,
SRC-robotics-350,RTAB-Map large-scale and long-term lidar and visual SLAM paper full PDF,https://arxiv.org/pdf/2403.06341.pdf,pdf-extract-pdftotext,ok,raw/robotics-embodied-ai/documents/SRC-robotics-350-rtab-map-large-scale-and-long-term-lidar-and-visual-slam-paper-full-pdf.md,2026-08-05T06:50:30+00:00,
SRC-robotics-354,cuVSLAM CUDA accelerated visual odometry and mapping paper full PDF,https://arxiv.org/pdf/2506.04359.pdf,pdf-extract-pdftotext,ok,raw/robotics-embodied-ai/documents/SRC-robotics-354-cuvslam-cuda-accelerated-visual-odometry-and-mapping-paper-full-pdf.md,2026-08-05T06:50:30+00:00,
SRC-robotics-357,OpenVINS research platform for visual-inertial estimation paper full PDF,https://pgeneva.com/downloads/papers/Geneva2020ICRA.pdf,pdf-extract-pdftotext,ok,raw/robotics-embodied-ai/documents/SRC-robotics-357-openvins-research-platform-for-visual-inertial-estimation-paper-full-pdf.md,2026-08-05T06:50:30+00:00,
SRC-robotics-363,NVIDIA Jetson Thor official product specifications,https://www.nvidia.com/en-us/autonomous-machines/embedded-systems/jetson-thor/,defuddle,ok,raw/robotics-embodied-ai/documents/SRC-robotics-363-nvidia-jetson-thor-official-product-specifications.md,2026-08-05T06:52:09+00:00,
SRC-robotics-364,NVIDIA Jetson FAQ current pricing and lifecycle,https://developer.nvidia.com/embedded/faq,defuddle,ok,raw/robotics-embodied-ai/documents/SRC-robotics-364-nvidia-jetson-faq-current-pricing-and-lifecycle.md,2026-08-05T06:52:11+00:00,
SRC-robotics-365,NVIDIA Marketplace Jetson Thor Developer Kit current listing,https://marketplace.nvidia.com/en-us/enterprise/robotics-edge/jetson-thor-developer-kit/,defuddle,failed,raw/robotics-embodied-ai/documents/SRC-robotics-365-nvidia-marketplace-jetson-thor-developer-kit-current-listing.md,2026-08-05T06:52:52+00:00,Error: Timed out fetching page after 10s; fallback HTML download failed: The read operation timed out
SRC-robotics-366,NVIDIA JetPack 7 software stack,https://developer.nvidia.com/embedded/jetpack,defuddle,exists,raw/robotics-embodied-ai/documents/SRC-robotics-366-nvidia-jetpack-7-software-stack.md,2026-08-05T06:55:03+00:00,
SRC-robotics-367,NVIDIA Jetson AGX Thor benchmark page,https://developer.nvidia.com/embedded/jetson-benchmarks,defuddle,exists,raw/robotics-embodied-ai/documents/SRC-robotics-367-nvidia-jetson-agx-thor-benchmark-page.md,2026-08-05T06:55:03+00:00,
SRC-robotics-368,Qualcomm Dragonwing IQ-9075 official specifications,https://www.qualcomm.com/internet-of-things/products/iq9-series/iq-9075,defuddle,exists,raw/robotics-embodied-ai/documents/SRC-robotics-368-qualcomm-dragonwing-iq-9075-official-specifications.md,2026-08-05T06:55:03+00:00,
SRC-robotics-369,Qualcomm Dragonwing IQ-9075 evaluation kit,https://www.qualcomm.com/developer/hardware/qualcomm-iq-9075-evaluation-kit-evk,defuddle,exists,raw/robotics-embodied-ai/documents/SRC-robotics-369-qualcomm-dragonwing-iq-9075-evaluation-kit.md,2026-08-05T06:55:03+00:00,
SRC-robotics-370,AMD Ryzen AI Max Plus 395 official specifications,https://www.amd.com/en/newsroom/press-releases/2025-1-6-amd-announces-expanded-consumer-and-commercial-ai-.html,defuddle,exists,raw/robotics-embodied-ai/documents/SRC-robotics-370-amd-ryzen-ai-max-plus-395-official-specifications.md,2026-08-05T06:55:03+00:00,
SRC-robotics-371,MINISFORUM MS-S1 MAX 128GB official listing,https://store.minisforum.com/products/minisforum-ms-s1-max-mini-pc,defuddle,exists,raw/robotics-embodied-ai/documents/SRC-robotics-371-minisforum-ms-s1-max-128gb-official-listing.md,2026-08-05T06:55:03+00:00,
SRC-robotics-372,NVIDIA DGX Spark official specifications and current price,https://marketplace.nvidia.com/en-us/enterprise/personal-ai-supercomputers/dgx-spark/,defuddle,failed,raw/robotics-embodied-ai/documents/SRC-robotics-372-nvidia-dgx-spark-official-specifications-and-current-price.md,2026-08-05T06:55:03+00:00,Error: Timed out fetching page after 10s; fallback HTML download failed: The read operation timed out
SRC-robotics-373,Hailo-10H M.2 official specifications,https://hailo.ai/products/ai-accelerators/hailo-10h-m-2-ai-acceleration-module/,defuddle,exists,raw/robotics-embodied-ai/documents/SRC-robotics-373-hailo-10h-m-2-official-specifications.md,2026-08-05T06:57:13+00:00,
SRC-robotics-374,Huawei Atlas 200I DK A2 official specifications,https://www.hiascend.com/en/hardware/developer-kit-a2/specification,defuddle,failed,raw/robotics-embodied-ai/documents/SRC-robotics-374-huawei-atlas-200i-dk-a2-official-specifications.md,2026-08-05T06:57:13+00:00,Error: Failed to fetch: 404; fallback HTML download failed: HTTP Error 404: Page not found: /en/hardware/developer-kit-a2/specification
SRC-robotics-375,Horizon Robotics Journey 6 series official product page,https://www.horizon.auto/solutions/horizon-journey/horizon-journey6?tp=1,defuddle,exists,raw/robotics-embodied-ai/documents/SRC-robotics-375-horizon-robotics-journey-6-series-official-product-page.md,2026-08-05T06:57:15+00:00,
SRC-robotics-376,Jetson AGX Thor China channel listing,https://www.iceasy.com/product/1950144336908992513,defuddle,ok,raw/robotics-embodied-ai/documents/SRC-robotics-376-jetson-agx-thor-china-channel-listing.md,2026-08-05T07:06:12+00:00,
SRC-robotics-377,Lightwheel official company and product overview,https://lightwheel.ai/,defuddle,ok,raw/robotics-embodied-ai/documents/SRC-robotics-377-lightwheel-official-company-and-product-overview.md,2026-08-06T02:05:23+00:00,
SRC-robotics-378,Lightwheel Platform Enterprise workflow and capabilities,https://www.lightwheel.ai/lightwheel-platform,defuddle,ok,raw/robotics-embodied-ai/documents/SRC-robotics-378-lightwheel-platform-enterprise-workflow-and-capabilities.md,2026-08-06T02:05:23+00:00,
SRC-robotics-379,Lightwheel NVIDIA customer story and Geely factory deployment,https://www.nvidia.com/en-us/case-studies/lightwheel/,defuddle,ok,raw/robotics-embodied-ai/documents/SRC-robotics-379-lightwheel-nvidia-customer-story-and-geely-factory-deployment.md,2026-08-06T02:05:23+00:00,
SRC-robotics-380,Geely humanoid Real2Sim2Real deployment case,https://lightwheel.ai/media/geely-humanoid-robots,defuddle,ok,raw/robotics-embodied-ai/documents/SRC-robotics-380-geely-humanoid-real2sim2real-deployment-case.md,2026-08-06T02:05:23+00:00,
SRC-robotics-381,Beijing government report on Lightwheel financing orders and delivery scale,https://www.ncsti.gov.cn/kjdt/scyq/zgckxc/zgcdt/202606/t20260601_248418.html,defuddle,ok,raw/robotics-embodied-ai/documents/SRC-robotics-381-beijing-government-report-on-lightwheel-financing-orders-and-delivery-scale.md,2026-08-06T02:05:23+00:00,
SRC-robotics-382,LW-BenchHub official repository,https://github.com/LightwheelAI/LW-BenchHub,defuddle,ok,raw/robotics-embodied-ai/documents/SRC-robotics-382-lw-benchhub-official-repository.md,2026-08-06T02:05:23+00:00,
SRC-robotics-383,LightwheelAI GitHub organization and open-source portfolio,https://github.com/LightwheelAI,defuddle,ok,raw/robotics-embodied-ai/documents/SRC-robotics-383-lightwheelai-github-organization-and-open-source-portfolio.md,2026-08-06T02:05:23+00:00,
SRC-robotics-384,LightwheelOcc autonomous-driving synthetic dataset,https://huggingface.co/datasets/OpenDriveLab/LightwheelOcc,defuddle,ok,raw/robotics-embodied-ai/documents/SRC-robotics-384-lightwheelocc-autonomous-driving-synthetic-dataset.md,2026-08-06T02:05:23+00:00,
SRC-robotics-385,Lightwheel early angel financing and initial customer status,https://www.bbtnews.com.cn/2023/0725/483113.shtml,defuddle,ok,raw/robotics-embodied-ai/documents/SRC-robotics-385-lightwheel-early-angel-financing-and-initial-customer-status.md,2026-08-06T02:05:23+00:00,
SRC-robotics-386,Lightwheel financing timeline and corporate snapshot,https://pitchhub.36kr.com/project/2288241022040193,defuddle,ok,raw/robotics-embodied-ai/documents/SRC-robotics-386-lightwheel-financing-timeline-and-corporate-snapshot.md,2026-08-06T02:05:23+00:00,
SRC-robotics-387,Lightwheel Newton partnership and deformable-terrain asset pipeline,https://lightwheel.ai/media/lightwheel-newton,defuddle,ok,raw/robotics-embodied-ai/documents/SRC-robotics-387-lightwheel-newton-partnership-and-deformable-terrain-asset-pipeline.md,2026-08-06T02:05:23+00:00,
SRC-robotics-388,Lightwheel and PICO human-data collection partnership,https://www.lightwheel.ai/media/lightwheel-pico-partnership,defuddle,ok,raw/robotics-embodied-ai/documents/SRC-robotics-388-lightwheel-and-pico-human-data-collection-partnership.md,2026-08-06T02:05:23+00:00,
SRC-robotics-389,Lightwheel strategic financing participation confirmed by Giant Network,https://www.cnfin.com/gs-lb/detail/20260623/4430366_1.html,defuddle,ok,raw/robotics-embodied-ai/documents/SRC-robotics-389-lightwheel-strategic-financing-participation-confirmed-by-giant-network.md,2026-08-06T02:05:23+00:00,
SRC-robotics-390,Lightwheel Pre-A financing announcement,https://www.matrixpartners.com.cn/3545.html,defuddle,failed,raw/robotics-embodied-ai/documents/SRC-robotics-390-lightwheel-pre-a-financing-announcement.md,2026-08-06T02:06:17+00:00,Error: Failed to fetch: 404; fallback HTML download failed: HTTP Error 404: Not Found
SRC-robotics-391,Lightwheel March 2026 one-billion-yuan financing announcement,https://finance.eastmoney.com/a/202603113668590047.html,defuddle,ok,raw/robotics-embodied-ai/documents/SRC-robotics-391-lightwheel-march-2026-one-billion-yuan-financing-announcement.md,2026-08-06T02:06:17+00:00,
SRC-robotics-392,Lightwheel May 2026 Ant-led financing announcement,https://36kr.com/newsflashes/3834266511861632,defuddle,ok,raw/robotics-embodied-ai/documents/SRC-robotics-392-lightwheel-may-2026-ant-led-financing-announcement.md,2026-08-06T02:06:17+00:00,
SRC-robotics-393,Lightwheel MiraclePlus accelerator company profile,https://emergeia.com/project/2023S-008,defuddle,ok,raw/robotics-embodied-ai/documents/SRC-robotics-393-lightwheel-miracleplus-accelerator-company-profile.md,2026-08-06T02:06:57+00:00,
SRC-robotics-394,Applied Intuition end-to-end physical AI platform,https://www.appliedintuition.com/products,defuddle,ok,raw/robotics-embodied-ai/documents/SRC-robotics-394-applied-intuition-end-to-end-physical-ai-platform.md,2026-08-06T03:29:53+00:00,
SRC-robotics-395,Duality AI Falcon digital twin simulation platform,https://www.duality.ai/product,defuddle,ok,raw/robotics-embodied-ai/documents/SRC-robotics-395-duality-ai-falcon-digital-twin-simulation-platform.md,2026-08-06T03:29:53+00:00,
SRC-robotics-396,Parallel Domain reconstruction and sensor simulation platform,https://paralleldomain.com/,defuddle,ok,raw/robotics-embodied-ai/documents/SRC-robotics-396-parallel-domain-reconstruction-and-sensor-simulation-platform.md,2026-08-06T03:29:53+00:00,
SRC-robotics-397,Scale AI Physical AI Data Engine,https://scale.com/physical-ai,defuddle,ok,raw/robotics-embodied-ai/documents/SRC-robotics-397-scale-ai-physical-ai-data-engine.md,2026-08-06T03:29:53+00:00,
SRC-robotics-398,Rendered.ai synthetic data platform as a service,https://rendered.ai/platform/,defuddle,failed,raw/robotics-embodied-ai/documents/SRC-robotics-398-rendered-ai-synthetic-data-platform-as-a-service.md,2026-08-06T03:29:53+00:00,Error: Failed to fetch: 403; fallback HTML download failed: HTTP Error 403: Forbidden
SRC-robotics-399,Foretellix data-driven autonomy verification and validation toolchain,https://foretellix.cn/,defuddle,ok,raw/robotics-embodied-ai/documents/SRC-robotics-399-foretellix-data-driven-autonomy-verification-and-validation-toolchain.md,2026-08-06T03:29:53+00:00,
SRC-robotics-400,Discover Robotics RSR embodied data closed-loop platform,https://www.discover-robotics.com/mobile/data-collection,defuddle,ok,raw/robotics-embodied-ai/documents/SRC-robotics-400-discover-robotics-rsr-embodied-data-closed-loop-platform.md,2026-08-06T03:29:53+00:00,
SRC-robotics-401,GigaAI company and full-stack physical AGI platform,https://gigaai.cc/about,defuddle,fallback_html,raw/robotics-embodied-ai/documents/SRC-robotics-401-gigaai-company-and-full-stack-physical-agi-platform.md,2026-08-06T03:29:53+00:00,Error: No content could be extracted from https://gigaai.cc/about
SRC-robotics-402,GigaAI financing and industrial deployment report,https://www.ncsti.gov.cn/kjdt/scyq/zgckxc/zgcdt/202606/t20260616_249798.html,defuddle,ok,raw/robotics-embodied-ai/documents/SRC-robotics-402-gigaai-financing-and-industrial-deployment-report.md,2026-08-06T03:29:53+00:00,
SRC-robotics-403,51WORLD company and 51Sim physical AI platform,https://www.51world.com.cn/about,defuddle,ok,raw/robotics-embodied-ai/documents/SRC-robotics-403-51world-company-and-51sim-physical-ai-platform.md,2026-08-06T03:29:53+00:00,
SRC-robotics-404,IO-AI robotics and embodied AI data infrastructure,https://io-ai.tech/zh/,defuddle,ok,raw/robotics-embodied-ai/documents/SRC-robotics-404-io-ai-robotics-and-embodied-ai-data-infrastructure.md,2026-08-06T03:29:53+00:00,
SRC-robotics-405,NexaStar real-world interaction data infrastructure,https://www.nexastar.ai/,defuddle,ok,raw/robotics-embodied-ai/documents/SRC-robotics-405-nexastar-real-world-interaction-data-infrastructure.md,2026-08-06T03:29:53+00:00,
SRC-robotics-406,Embodied Intelligent Scene robotics simulation and data generation,https://www.szeis.com/,defuddle,failed,raw/robotics-embodied-ai/documents/SRC-robotics-406-embodied-intelligent-scene-robotics-simulation-and-data-generation.md,2026-08-06T03:29:53+00:00,Error: Client network socket disconnected before secure TLS connection was established; fallback HTML download failed: <urlopen error [SSL: UNEXPECTED_EOF_WHILE_READING] EOF occurred in violation of protocol (_ssl.c:1032)>
SRC-robotics-407,OpenUSD introduction and composition model,https://openusd.org/release/intro.html,defuddle,ok,raw/robotics-embodied-ai/documents/SRC-robotics-407-openusd-introduction-and-composition-model.md,2026-08-06T03:34:18+00:00,
SRC-robotics-408,OpenUSD rigid body physics schema,https://openusd.org/release/api/usd_physics_page_front.html,defuddle,ok,raw/robotics-embodied-ai/documents/SRC-robotics-408-openusd-rigid-body-physics-schema.md,2026-08-06T03:34:18+00:00,
SRC-robotics-409,SimReady Foundation specification and validation framework,https://nvidia.github.io/simready-foundation/2026.04.0/guides/getting_started.html,defuddle,ok,raw/robotics-embodied-ai/documents/SRC-robotics-409-simready-foundation-specification-and-validation-framework.md,2026-08-06T03:34:18+00:00,
SRC-robotics-410,NVIDIA Isaac Sim current asset ingestion overview,https://developer.nvidia.com/isaac/sim,defuddle,ok,raw/robotics-embodied-ai/documents/SRC-robotics-410-nvidia-isaac-sim-current-asset-ingestion-overview.md,2026-08-06T03:34:18+00:00,
SRC-robotics-411,NVIDIA Isaac Sim URDF importer extension,https://docs.isaacsim.omniverse.nvidia.com/6.0.0/importer_exporter/ext_isaacsim_asset_importer_urdf.html,defuddle,ok,raw/robotics-embodied-ai/documents/SRC-robotics-411-nvidia-isaac-sim-urdf-importer-extension.md,2026-08-06T03:34:18+00:00,
SRC-robotics-412,Omniverse Replicator synthetic-data pipeline,https://docs.omniverse.nvidia.com/kit/docs/omni_replicator/latest/index.html,defuddle,ok,raw/robotics-embodied-ai/documents/SRC-robotics-412-omniverse-replicator-synthetic-data-pipeline.md,2026-08-06T03:34:18+00:00,
SRC-robotics-413,Unreal Engine Datasmith CAD import and tessellation workflow,https://dev.epicgames.com/documentation/unreal-engine/importing-cad-files-into-unreal-engine-using-datasmith?lang=en-US,defuddle,ok,raw/robotics-embodied-ai/documents/SRC-robotics-413-unreal-engine-datasmith-cad-import-and-tessellation-workflow.md,2026-08-06T03:34:18+00:00,
SRC-robotics-414,COLMAP structure-from-motion and multi-view-stereo pipeline,https://colmap.github.io/index.html,defuddle,ok,raw/robotics-embodied-ai/documents/SRC-robotics-414-colmap-structure-from-motion-and-multi-view-stereo-pipeline.md,2026-08-06T03:34:18+00:00,
SRC-robotics-415,Autodesk ReCap local scan-to-mesh workflow,https://help.autodesk.com/cloudhelp/ENU/Reality-Capture/files/Scan_to_Mesh_Options/scan_to_mesh_local.html,defuddle,ok,raw/robotics-embodied-ai/documents/SRC-robotics-415-autodesk-recap-local-scan-to-mesh-workflow.md,2026-08-06T03:34:18+00:00,
SRC-robotics-416,Nerfstudio Gaussian splatting implementation and export limits,https://github.com/nerfstudio-project/nerfstudio/blob/main/docs/nerfology/methods/splat.md,direct-download,ok,raw/robotics-embodied-ai/documents/SRC-robotics-416-nerfstudio-gaussian-splatting-implementation-and-export-limits.md,2026-08-06T03:34:18+00:00,
SRC-robotics-417,Infinigen-Sim procedural articulated simulation assets,https://arxiv.org/abs/2505.10755,defuddle,ok,raw/robotics-embodied-ai/documents/SRC-robotics-417-infinigen-sim-procedural-articulated-simulation-assets.md,2026-08-06T03:34:18+00:00,
SRC-robotics-418,Hunyuan3D 2.1 image-to-3D and PBR asset generation,https://github.com/Tencent-Hunyuan/Hunyuan3D-2.1/blob/main/README.md,direct-download,ok,raw/robotics-embodied-ai/documents/SRC-robotics-418-hunyuan3d-2-1-image-to-3d-and-pbr-asset-generation.md,2026-08-06T03:34:18+00:00,
SRC-robotics-419,TRELLIS structured 3D latent asset generation,https://github.com/microsoft/TRELLIS/blob/main/README.md,direct-download,ok,raw/robotics-embodied-ai/documents/SRC-robotics-419-trellis-structured-3d-latent-asset-generation.md,2026-08-06T03:34:18+00:00,
SRC-robotics-420,MuJoCo model asset collision and inertia documentation,https://mujoco.readthedocs.io/en/stable/overview.html,defuddle,ok,raw/robotics-embodied-ai/documents/SRC-robotics-420-mujoco-model-asset-collision-and-inertia-documentation.md,2026-08-06T03:34:18+00:00,
SRC-robotics-421,ROS 2 URDF physical and collision properties tutorial,https://docs.ros.org/en/humble/Tutorials/URDF/Adding-Physical-and-Collision-Properties-to-a-URDF-Model.html,defuddle,ok,raw/robotics-embodied-ai/documents/SRC-robotics-421-ros-2-urdf-physical-and-collision-properties-tutorial.md,2026-08-06T03:34:18+00:00,
SRC-robotics-422,Houdini Solaris procedural USD workflow,https://www.sidefx.com/docs/houdini/solaris/index.html,defuddle,ok,raw/robotics-embodied-ai/documents/SRC-robotics-422-houdini-solaris-procedural-usd-workflow.md,2026-08-06T03:34:18+00:00,
SRC-robotics-423,SimReady Foundation profile validation workflow 2026.04.1,https://nvidia.github.io/simready-foundation/2026.04.1/guides/profiles_validation_workflow.html,defuddle,ok,raw/robotics-embodied-ai/documents/SRC-robotics-423-simready-foundation-profile-validation-workflow-2026-04-1.md,2026-08-06T06:21:47+00:00,
SRC-robotics-424,SimReady Foundation asset validation CLI and metadata stamping 2026.04.1,https://nvidia.github.io/simready-foundation/2026.04.1/guides/validate_workflow.html,defuddle,ok,raw/robotics-embodied-ai/documents/SRC-robotics-424-simready-foundation-asset-validation-cli-and-metadata-stamping-2026-04-1.md,2026-08-06T06:21:47+00:00,
SRC-robotics-425,SimReady Foundation requirement severity conventions 2026.04.1,https://nvidia.github.io/simready-foundation/2026.04.1/guides/naming_conventions.html,defuddle,ok,raw/robotics-embodied-ai/documents/SRC-robotics-425-simready-foundation-requirement-severity-conventions-2026-04-1.md,2026-08-06T06:21:47+00:00,
SRC-robotics-426,Unreal Engine licensing options and EULA summary,https://www.unrealengine.com/license,defuddle,failed,raw/robotics-embodied-ai/documents/SRC-robotics-426-unreal-engine-licensing-options-and-eula-summary.md,2026-08-06T07:13:22+00:00,Error: Failed to fetch: 403; fallback HTML download failed: HTTP Error 403: Forbidden
SRC-robotics-444,SimWorld-Robotics official repository README,https://github.com/SCAI-JHU/SimWorld-Robotics/blob/main/readme.md,direct-download,ok,raw/robotics-embodied-ai/documents/SRC-robotics-444-simworld-robotics-official-repository-readme.md,2026-08-06T07:13:22+00:00,
SRC-robotics-452,UNav-Sim A Visually Realistic Underwater Robotics Simulator,https://arxiv.org/abs/2310.11927,defuddle,ok,raw/robotics-embodied-ai/documents/SRC-robotics-452-unav-sim-a-visually-realistic-underwater-robotics-simulator.md,2026-08-06T07:11:41+00:00,
SRC-robotics-453,HoloOcean official documentation,https://byu-holoocean.github.io/holoocean-docs/,defuddle,ok,raw/robotics-embodied-ai/documents/SRC-robotics-453-holoocean-official-documentation.md,2026-08-06T07:11:41+00:00,
SRC-robotics-454,HoloOcean An Underwater Robotics Simulator,https://publications.ri.cmu.edu/storage/publications/2022/10/Potokar22icra.pdf,pdf-download,ok,raw/robotics-embodied-ai/documents/SRC-robotics-454-holoocean-an-underwater-robotics-simulator.pdf,2026-08-06T07:11:41+00:00,
SRC-robotics-455,NVIDIA Deep Learning Dataset Synthesizer official repository README,https://github.com/NVIDIA/Dataset_Synthesizer/blob/master/readme.md,direct-download,ok,raw/robotics-embodied-ai/documents/SRC-robotics-455-nvidia-deep-learning-dataset-synthesizer-official-repository-readme.md,2026-08-06T07:13:22+00:00,
SRC-robotics-456,HERCULES heterogeneous multi-robot simulation framework,https://arxiv.org/abs/2606.22756,defuddle,ok,raw/robotics-embodied-ai/documents/SRC-robotics-456-hercules-heterogeneous-multi-robot-simulation-framework.md,2026-08-06T07:11:41+00:00,
SRC-robotics-457,HEROES Unreal Engine human and emergency robot operation education system,https://arxiv.org/abs/2309.14508,defuddle,fallback_html,raw/robotics-embodied-ai/documents/SRC-robotics-457-heroes-unreal-engine-human-and-emergency-robot-operation-education-system.md,2026-08-06T07:11:41+00:00,Error: Timed out fetching page after 10s
SRC-robotics-427,Unreal Engine Chaos Physics documentation,https://dev.epicgames.com/documentation/unreal-engine/physics-in-unreal-engine?lang=en-US,defuddle,ok,raw/robotics-embodied-ai/documents/SRC-robotics-427-unreal-engine-chaos-physics-documentation.md,2026-08-06T07:11:41+00:00,
SRC-robotics-428,UnrealCV official repository README,https://github.com/unrealcv/unrealcv/blob/5.2/README.md,direct-download,ok,raw/robotics-embodied-ai/documents/SRC-robotics-428-unrealcv-official-repository-readme.md,2026-08-06T07:11:41+00:00,
SRC-robotics-429,UnrealCV Connecting Computer Vision to Unreal Engine,https://arxiv.org/abs/1609.01326,defuddle,ok,raw/robotics-embodied-ai/documents/SRC-robotics-429-unrealcv-connecting-computer-vision-to-unreal-engine.md,2026-08-06T07:11:41+00:00,
SRC-robotics-430,Gym-UnrealCV official repository README,https://github.com/zfw1226/gym-unrealcv/blob/v1.0/README.md,direct-download,ok,raw/robotics-embodied-ai/documents/SRC-robotics-430-gym-unrealcv-official-repository-readme.md,2026-08-06T07:11:41+00:00,
SRC-robotics-431,Microsoft AirSim official repository README,https://github.com/microsoft/AirSim/blob/main/README.md,direct-download,ok,raw/robotics-embodied-ai/documents/SRC-robotics-431-microsoft-airsim-official-repository-readme.md,2026-08-06T07:11:41+00:00,
SRC-robotics-432,AirSim High-Fidelity Visual and Physical Simulation for Autonomous Vehicles,https://arxiv.org/abs/1705.05065,defuddle,ok,raw/robotics-embodied-ai/documents/SRC-robotics-432-airsim-high-fidelity-visual-and-physical-simulation-for-autonomous-vehicles.md,2026-08-06T07:11:41+00:00,
SRC-robotics-433,Project AirSim official repository README,https://github.com/iamaisim/ProjectAirSim/blob/main/README.md,direct-download,ok,raw/robotics-embodied-ai/documents/SRC-robotics-433-project-airsim-official-repository-readme.md,2026-08-06T07:11:41+00:00,
SRC-robotics-434,Cosys-AirSim official repository README,https://github.com/Cosys-Lab/Cosys-AirSim/blob/main/README.md,direct-download,ok,raw/robotics-embodied-ai/documents/SRC-robotics-434-cosys-airsim-official-repository-readme.md,2026-08-06T07:11:41+00:00,
SRC-robotics-435,Cosys-AirSim A Real-Time Simulation Framework Expanded for Complex Industrial Applications,https://arxiv.org/abs/2303.13381,defuddle,ok,raw/robotics-embodied-ai/documents/SRC-robotics-435-cosys-airsim-a-real-time-simulation-framework-expanded-for-complex-industrial-ap.md,2026-08-06T07:11:41+00:00,
SRC-robotics-436,CARLA official repository README,https://github.com/carla-simulator/carla/blob/ue5-dev/README.md,direct-download,ok,raw/robotics-embodied-ai/documents/SRC-robotics-436-carla-official-repository-readme.md,2026-08-06T07:11:41+00:00,
SRC-robotics-437,CARLA An Open Urban Driving Simulator,https://arxiv.org/abs/1711.03938,defuddle,ok,raw/robotics-embodied-ai/documents/SRC-robotics-437-carla-an-open-urban-driving-simulator.md,2026-08-06T07:11:41+00:00,
SRC-robotics-438,CARLA-Air official repository README,https://github.com/louiszengCN/CarlaAir/blob/main/README.md,direct-download,ok,raw/robotics-embodied-ai/documents/SRC-robotics-438-carla-air-official-repository-readme.md,2026-08-06T07:11:41+00:00,
SRC-robotics-439,CARLA-Air Fly Drones Inside a CARLA World,https://arxiv.org/abs/2603.28032,defuddle,ok,raw/robotics-embodied-ai/documents/SRC-robotics-439-carla-air-fly-drones-inside-a-carla-world.md,2026-08-06T07:11:41+00:00,
SRC-robotics-440,Unreal Robotics Lab official repository README,https://github.com/URLab-Sim/UnrealRoboticsLab/blob/main/README.md,direct-download,ok,raw/robotics-embodied-ai/documents/SRC-robotics-440-unreal-robotics-lab-official-repository-readme.md,2026-08-06T07:11:41+00:00,
SRC-robotics-441,Unreal Robotics Lab A High-Fidelity Robotics Simulator with Advanced Physics and Rendering,https://arxiv.org/abs/2504.14135,defuddle,ok,raw/robotics-embodied-ai/documents/SRC-robotics-441-unreal-robotics-lab-a-high-fidelity-robotics-simulator-with-advanced-physics-and.md,2026-08-06T07:11:41+00:00,
SRC-robotics-442,SPEAR official repository README,https://github.com/spear-sim/spear/blob/main/README.md,direct-download,ok,raw/robotics-embodied-ai/documents/SRC-robotics-442-spear-official-repository-readme.md,2026-08-06T07:11:41+00:00,
SRC-robotics-443,SPEAR A Simulator for Photorealistic Embodied AI Research,https://arxiv.org/abs/2607.06701,defuddle,ok,raw/robotics-embodied-ai/documents/SRC-robotics-443-spear-a-simulator-for-photorealistic-embodied-ai-research.md,2026-08-06T07:11:41+00:00,
SRC-robotics-445,SimWorld-Robotics Synthesizing Photorealistic and Dynamic Urban Environments,https://arxiv.org/abs/2512.10046,defuddle,ok,raw/robotics-embodied-ai/documents/SRC-robotics-445-simworld-robotics-synthesizing-photorealistic-and-dynamic-urban-environments.md,2026-08-06T07:11:41+00:00,
SRC-robotics-446,rclUE official repository README,https://github.com/rapyuta-robotics/rclUE/blob/devel/README.md,direct-download,ok,raw/robotics-embodied-ai/documents/SRC-robotics-446-rclue-official-repository-readme.md,2026-08-06T07:11:41+00:00,
SRC-robotics-447,ROSIntegration official repository README,https://github.com/code-iai/ROSIntegration/blob/master/README.md,direct-download,ok,raw/robotics-embodied-ai/documents/SRC-robotics-447-rosintegration-official-repository-readme.md,2026-08-06T07:11:41+00:00,
SRC-robotics-448,UnrealROX official repository README,https://github.com/3dperceptionlab/unrealrox/blob/master/README.md,direct-download,ok,raw/robotics-embodied-ai/documents/SRC-robotics-448-unrealrox-official-repository-readme.md,2026-08-06T07:11:41+00:00,
SRC-robotics-449,UnrealROX An eXtremely Photorealistic Virtual Reality Environment for Robotics Simulations,https://arxiv.org/abs/1810.06936,defuddle,fallback_html,raw/robotics-embodied-ai/documents/SRC-robotics-449-unrealrox-an-extremely-photorealistic-virtual-reality-environment-for-robotics-s.md,2026-08-06T07:11:41+00:00,Error: Timed out fetching page after 10s
SRC-robotics-450,The RobotriX Photorealistic Indoor Dataset of Robot Trajectories and Interactions,https://arxiv.org/abs/1901.06514,defuddle,ok,raw/robotics-embodied-ai/documents/SRC-robotics-450-the-robotrix-photorealistic-indoor-dataset-of-robot-trajectories-and-interaction.md,2026-08-06T07:11:41+00:00,
SRC-robotics-451,UNav-Sim official repository README,https://github.com/open-airlab/UNav-Sim/blob/main/README.md,direct-download,ok,raw/robotics-embodied-ai/documents/SRC-robotics-451-unav-sim-official-repository-readme.md,2026-08-06T07:11:41+00:00,
SRC-robotics-458,Implementation Analysis of Collaborative Robot Digital Twins in Physics Engines,https://arxiv.org/abs/2504.18200,defuddle,ok,raw/robotics-embodied-ai/documents/SRC-robotics-458-implementation-analysis-of-collaborative-robot-digital-twins-in-physics-engines.md,2026-08-06T07:14:49+00:00,
SRC-robotics-459,Synthetic Dataset Generation for Autonomous Mobile Robots Using 3D Gaussian Splatting,https://arxiv.org/abs/2506.05092,defuddle,ok,raw/robotics-embodied-ai/documents/SRC-robotics-459-synthetic-dataset-generation-for-autonomous-mobile-robots-using-3d-gaussian-spla.md,2026-08-06T07:14:49+00:00,
SRC-robotics-460,VirtualEnv A Platform for Embodied AI Research,https://arxiv.org/abs/2601.07553,defuddle,ok,raw/robotics-embodied-ai/documents/SRC-robotics-460-virtualenv-a-platform-for-embodied-ai-research.md,2026-08-06T07:14:49+00:00,
SRC-robotics-461,SimWorld Studio official repository README,https://github.com/SimWorld-AI/SimWorld-Studio/blob/main/README.md,direct-download,failed,raw/robotics-embodied-ai/documents/SRC-robotics-461-simworld-studio-official-repository-readme.md,2026-08-06T07:14:49+00:00,HTTP Error 404: Not Found
SRC-robotics-462,SimWorld Studio Automatic Environment Generation with Evolving Coding Agent,https://arxiv.org/abs/2605.09423,defuddle,fallback_html,raw/robotics-embodied-ai/documents/SRC-robotics-462-simworld-studio-automatic-environment-generation-with-evolving-coding-agent.md,2026-08-06T07:14:49+00:00,Error: Timed out fetching page after 10s
SRC-robotics-463,Unity plans pricing and Editor software terms,https://unity.com/products,defuddle,ok,raw/robotics-embodied-ai/documents/SRC-robotics-463-unity-plans-pricing-and-editor-software-terms.md,2026-08-06T09:17:26+00:00,
SRC-robotics-464,Unity Robotics Hub official repository README,https://github.com/Unity-Technologies/Unity-Robotics-Hub/blob/main/README.md,direct-download,ok,raw/robotics-embodied-ai/documents/SRC-robotics-464-unity-robotics-hub-official-repository-readme.md,2026-08-06T09:17:26+00:00,
SRC-robotics-465,ROS TCP Connector official repository README,https://github.com/Unity-Technologies/ROS-TCP-Connector/blob/main/README.md,direct-download,ok,raw/robotics-embodied-ai/documents/SRC-robotics-465-ros-tcp-connector-official-repository-readme.md,2026-08-06T09:17:26+00:00,
SRC-robotics-466,URDF Importer official repository README,https://github.com/Unity-Technologies/URDF-Importer/blob/main/README.md,direct-download,ok,raw/robotics-embodied-ai/documents/SRC-robotics-466-urdf-importer-official-repository-readme.md,2026-08-06T09:17:26+00:00,
SRC-robotics-467,Unity ML-Agents official repository README,https://github.com/Unity-Technologies/ml-agents/blob/develop/Readme.md,direct-download,ok,raw/robotics-embodied-ai/documents/SRC-robotics-467-unity-ml-agents-official-repository-readme.md,2026-08-06T09:17:26+00:00,
SRC-robotics-468,Unity A General Platform for Intelligent Agents,https://arxiv.org/abs/1809.02627,defuddle,ok,raw/robotics-embodied-ai/documents/SRC-robotics-468-unity-a-general-platform-for-intelligent-agents.md,2026-08-06T09:17:26+00:00,
SRC-robotics-469,Unity Perception official repository README,https://github.com/Unity-Technologies/com.unity.perception/blob/main/README.md,direct-download,ok,raw/robotics-embodied-ai/documents/SRC-robotics-469-unity-perception-official-repository-readme.md,2026-08-06T09:17:26+00:00,
SRC-robotics-470,ROS2 for Unity official repository README,https://github.com/RobotecAI/ros2-for-unity/blob/develop/README.md,direct-download,ok,raw/robotics-embodied-ai/documents/SRC-robotics-470-ros2-for-unity-official-repository-readme.md,2026-08-06T09:17:26+00:00,
SRC-robotics-471,Robotec GPU Lidar official repository README,https://github.com/RobotecAI/RobotecGPULidar/blob/develop/README.md,direct-download,ok,raw/robotics-embodied-ai/documents/SRC-robotics-471-robotec-gpu-lidar-official-repository-readme.md,2026-08-06T09:17:26+00:00,
SRC-robotics-472,ROS Sharp official repository README,https://github.com/siemens/ros-sharp/blob/master/README.md,direct-download,ok,raw/robotics-embodied-ai/documents/SRC-robotics-472-ros-sharp-official-repository-readme.md,2026-08-06T09:17:26+00:00,
SRC-robotics-473,AI2 THOR official repository README,https://github.com/allenai/ai2thor/blob/main/README.md,direct-download,ok,raw/robotics-embodied-ai/documents/SRC-robotics-473-ai2-thor-official-repository-readme.md,2026-08-06T09:17:26+00:00,
SRC-robotics-474,AI2 THOR An Interactive 3D Environment for Visual AI,https://arxiv.org/abs/1712.05474,defuddle,fallback_html,raw/robotics-embodied-ai/documents/SRC-robotics-474-ai2-thor-an-interactive-3d-environment-for-visual-ai.md,2026-08-06T09:17:26+00:00,Error: Client network socket disconnected before secure TLS connection was established
SRC-robotics-475,RoboTHOR An Open Simulation to Real Embodied AI Platform,https://arxiv.org/abs/2004.06799,defuddle,ok,raw/robotics-embodied-ai/documents/SRC-robotics-475-robothor-an-open-simulation-to-real-embodied-ai-platform.md,2026-08-06T09:17:26+00:00,
SRC-robotics-476,ProcTHOR official repository README,https://github.com/allenai/procthor/blob/main/README.md,direct-download,ok,raw/robotics-embodied-ai/documents/SRC-robotics-476-procthor-official-repository-readme.md,2026-08-06T09:17:26+00:00,
SRC-robotics-477,ProcTHOR Large Scale Embodied AI Using Procedural Generation,https://arxiv.org/abs/2206.06994,defuddle,ok,raw/robotics-embodied-ai/documents/SRC-robotics-477-procthor-large-scale-embodied-ai-using-procedural-generation.md,2026-08-06T09:17:26+00:00,
SRC-robotics-478,ManipulaTHOR A Framework for Visual Object Manipulation,https://arxiv.org/abs/2104.11213,defuddle,ok,raw/robotics-embodied-ai/documents/SRC-robotics-478-manipulathor-a-framework-for-visual-object-manipulation.md,2026-08-06T09:17:26+00:00,
SRC-robotics-479,Holodeck official repository README,https://github.com/allenai/Holodeck/blob/main/README.md,direct-download,ok,raw/robotics-embodied-ai/documents/SRC-robotics-479-holodeck-official-repository-readme.md,2026-08-06T09:17:26+00:00,
SRC-robotics-480,Holodeck Language Guided Generation of 3D Embodied AI Environments,https://arxiv.org/abs/2312.09067,defuddle,ok,raw/robotics-embodied-ai/documents/SRC-robotics-480-holodeck-language-guided-generation-of-3d-embodied-ai-environments.md,2026-08-06T09:17:26+00:00,
SRC-robotics-481,ALFRED official repository README,https://github.com/askforalfred/alfred/blob/master/README.md,direct-download,ok,raw/robotics-embodied-ai/documents/SRC-robotics-481-alfred-official-repository-readme.md,2026-08-06T09:17:26+00:00,
SRC-robotics-482,ALFRED A Benchmark for Interpreting Grounded Instructions for Everyday Tasks,https://arxiv.org/abs/1912.01734,defuddle,ok,raw/robotics-embodied-ai/documents/SRC-robotics-482-alfred-a-benchmark-for-interpreting-grounded-instructions-for-everyday-tasks.md,2026-08-06T09:17:26+00:00,
SRC-robotics-483,TEACh official repository README,https://github.com/alexa/teach/blob/main/README.md,direct-download,ok,raw/robotics-embodied-ai/documents/SRC-robotics-483-teach-official-repository-readme.md,2026-08-06T09:17:26+00:00,
SRC-robotics-484,TEACh Task driven Embodied Agents that Chat,https://arxiv.org/abs/2110.00534,defuddle,fallback_html,raw/robotics-embodied-ai/documents/SRC-robotics-484-teach-task-driven-embodied-agents-that-chat.md,2026-08-06T09:17:26+00:00,Error: Timed out fetching page after 10s
SRC-robotics-485,VirtualHome official repository README,https://github.com/xavierpuigf/virtualhome/blob/master/README.md,direct-download,ok,raw/robotics-embodied-ai/documents/SRC-robotics-485-virtualhome-official-repository-readme.md,2026-08-06T09:17:26+00:00,
SRC-robotics-486,VirtualHome Simulating Household Activities via Programs,https://arxiv.org/abs/1806.07011,defuddle,ok,raw/robotics-embodied-ai/documents/SRC-robotics-486-virtualhome-simulating-household-activities-via-programs.md,2026-08-06T09:17:26+00:00,
SRC-robotics-487,VRKitchen official repository README,https://github.com/xfgao/VRKitchen/blob/master/README.md,direct-download,ok,raw/robotics-embodied-ai/documents/SRC-robotics-487-vrkitchen-official-repository-readme.md,2026-08-06T09:17:26+00:00,
SRC-robotics-488,VRKitchen an Interactive 3D Virtual Environment for Task oriented Learning,https://arxiv.org/abs/1903.05757,defuddle,ok,raw/robotics-embodied-ai/documents/SRC-robotics-488-vrkitchen-an-interactive-3d-virtual-environment-for-task-oriented-learning.md,2026-08-06T09:17:26+00:00,
SRC-robotics-489,ThreeDWorld official repository README,https://github.com/threedworld-mit/tdw/blob/master/README.md,direct-download,ok,raw/robotics-embodied-ai/documents/SRC-robotics-489-threedworld-official-repository-readme.md,2026-08-06T09:17:26+00:00,
SRC-robotics-490,ThreeDWorld A Platform for Interactive Multi Modal Physical Simulation,https://arxiv.org/abs/2007.04954,defuddle,ok,raw/robotics-embodied-ai/documents/SRC-robotics-490-threedworld-a-platform-for-interactive-multi-modal-physical-simulation.md,2026-08-06T09:17:26+00:00,
SRC-robotics-491,Flightmare official repository README,https://github.com/uzh-rpg/flightmare/blob/master/README.md,direct-download,ok,raw/robotics-embodied-ai/documents/SRC-robotics-491-flightmare-official-repository-readme.md,2026-08-06T09:17:26+00:00,
SRC-robotics-492,Flightmare A Flexible Quadrotor Simulator,https://arxiv.org/abs/2009.00563,defuddle,ok,raw/robotics-embodied-ai/documents/SRC-robotics-492-flightmare-a-flexible-quadrotor-simulator.md,2026-08-06T09:17:26+00:00,
SRC-robotics-493,AWSIM official repository README,https://github.com/autowarefoundation/AWSIM/blob/main/README.md,direct-download,ok,raw/robotics-embodied-ai/documents/SRC-robotics-493-awsim-official-repository-readme.md,2026-08-06T09:17:26+00:00,
SRC-robotics-494,SVL Simulator official repository README,https://github.com/lgsvl/simulator/blob/master/README.md,direct-download,ok,raw/robotics-embodied-ai/documents/SRC-robotics-494-svl-simulator-official-repository-readme.md,2026-08-06T09:17:26+00:00,
SRC-robotics-495,LGSVL Simulator A High Fidelity Simulator for Autonomous Driving,https://arxiv.org/abs/2005.03778,defuddle,ok,raw/robotics-embodied-ai/documents/SRC-robotics-495-lgsvl-simulator-a-high-fidelity-simulator-for-autonomous-driving.md,2026-08-06T09:17:26+00:00,
SRC-robotics-496,AutoDRIVE official repository README,https://github.com/Tinker-Twins/AutoDRIVE/blob/AutoDRIVE/README.md,direct-download,ok,raw/robotics-embodied-ai/documents/SRC-robotics-496-autodrive-official-repository-readme.md,2026-08-06T09:17:26+00:00,
SRC-robotics-497,AutoDRIVE A Comprehensive Flexible and Integrated Digital Twin Ecosystem,https://arxiv.org/abs/2212.05241,defuddle,ok,raw/robotics-embodied-ai/documents/SRC-robotics-497-autodrive-a-comprehensive-flexible-and-integrated-digital-twin-ecosystem.md,2026-08-06T09:17:26+00:00,
SRC-robotics-498,CLOiSim official repository README,https://github.com/lge-ros2/cloisim/blob/main/README.md,direct-download,ok,raw/robotics-embodied-ai/documents/SRC-robotics-498-cloisim-official-repository-readme.md,2026-08-06T09:17:26+00:00,
SRC-robotics-499,Robotics Object Pose Estimation official repository README,https://github.com/Unity-Technologies/Robotics-Object-Pose-Estimation/blob/main/README.md,direct-download,ok,raw/robotics-embodied-ai/documents/SRC-robotics-499-robotics-object-pose-estimation-official-repository-readme.md,2026-08-06T09:17:26+00:00,
SRC-robotics-500,D AWSIM Distributed Autonomous Driving Simulator for Dynamic Map Generation Framework,https://arxiv.org/abs/2511.09080,defuddle,ok,raw/robotics-embodied-ai/documents/SRC-robotics-500-d-awsim-distributed-autonomous-driving-simulator-for-dynamic-map-generation-fram.md,2026-08-06T09:17:26+00:00,
SRC-robotics-501,DMAVA Distributed Multi Autonomous Vehicle Architecture Using Autoware,https://arxiv.org/abs/2601.16336,defuddle,ok,raw/robotics-embodied-ai/documents/SRC-robotics-501-dmava-distributed-multi-autonomous-vehicle-architecture-using-autoware.md,2026-08-06T09:17:26+00:00,
SRC-robotics-502,DexCap project page,https://dex-cap.github.io/,defuddle,ok,raw/robotics-embodied-ai/documents/SRC-robotics-502-dexcap-project-page.md,2026-08-09T08:25:07+00:00,
SRC-robotics-504,DexCap official code repository at commit 4b0bed0,https://github.com/j96w/DexCap/blob/4b0bed0966c87368f3cde4476aadb7585c3b94b5/README.md,direct-download,ok,raw/robotics-embodied-ai/documents/SRC-robotics-504-dexcap-official-code-repository-at-commit-4b0bed0.md,2026-08-09T08:25:55+00:00,
SRC-robotics-505,EtherCAT technology overview,https://www.ethercat.org/en/technology.html,defuddle,ok,raw/robotics-embodied-ai/documents/SRC-robotics-505-ethercat-technology-overview.md,2026-08-09T09:47:30+00:00,
SRC-robotics-506,EtherCAT Technology Group organisation and standardization,https://www.ethercat.org/en/tech_group.html,defuddle,ok,raw/robotics-embodied-ai/documents/SRC-robotics-506-ethercat-technology-group-organisation-and-standardization.md,2026-08-09T09:47:32+00:00,
SRC-robotics-507,EtherCAT FAQ licensing and implementation,https://www.ethercat.org/en/faq.html,defuddle,ok,raw/robotics-embodied-ai/documents/SRC-robotics-507-ethercat-faq-licensing-and-implementation.md,2026-08-09T09:47:34+00:00,
SRC-robotics-509,EtherCAT G technology overview,https://www.ethercat.org/en/ethercat-g.html,defuddle,ok,raw/robotics-embodied-ai/documents/SRC-robotics-509-ethercat-g-technology-overview.md,2026-08-09T09:47:35+00:00,
SRC-robotics-510,EtherCAT and TSN,https://www.ethercat.org/en/ethercat_and_tsn.htm,defuddle,ok,raw/robotics-embodied-ai/documents/SRC-robotics-510-ethercat-and-tsn.md,2026-08-09T09:47:36+00:00,
SRC-robotics-511,SOEM official repository,https://github.com/OpenEtherCATsociety/SOEM,defuddle,ok,raw/robotics-embodied-ai/documents/SRC-robotics-511-soem-official-repository.md,2026-08-09T09:47:36+00:00,
SRC-robotics-512,IgH EtherCAT Master 1.6 documentation,https://docs.etherlab.org/ethercat/1.6/doxygen/index.html,defuddle,ok,raw/robotics-embodied-ai/documents/SRC-robotics-512-igh-ethercat-master-1-6-documentation.md,2026-08-09T09:47:38+00:00,
SRC-robotics-513,CIP Motion official overview,https://www.odva.org/technology-standards/distinct-cip-services/cip-motion/,defuddle,ok,raw/robotics-embodied-ai/documents/SRC-robotics-513-cip-motion-official-overview.md,2026-08-09T09:47:40+00:00,
SRC-robotics-514,人形机器人创新发展指导意见解读,https://www.miit.gov.cn/jgsj/kjs/gzdt/art/2023/art_7f54847cabfa4ed28f472a15a27f2965.html,defuddle,ok,raw/robotics-embodied-ai/documents/SRC-robotics-514-source.md,2026-08-09T09:47:44+00:00,
SRC-robotics-515,推动工业互联网平台高质量发展行动方案2026至2028年解读,https://www.miit.gov.cn/jgsj/xxjsfzs/gzdt/art/2026/art_926b6c211725491ca89ca218379405e1.html,defuddle,ok,raw/robotics-embodied-ai/documents/SRC-robotics-515-2026-2028.md,2026-08-09T09:47:44+00:00,
SRC-robotics-508,EtherCAT Implementation Guide,https://www.ethercat.org/download/documents/ETG2200_V3i2i3_G_R_EtherCATImplementationGuide.pdf,pdf-extract-pymupdf4llm,ok,raw/robotics-embodied-ai/documents/SRC-robotics-508-ethercat-implementation-guide.md,2026-08-09T10:36:40+00:00,
SRC-robotics-516,onshape-to-robot official repository at commit 7d0803d,https://github.com/Rhoban/onshape-to-robot/blob/7d0803db16c99efa0bd59482f2dc81f9558aa7ba/README.md,direct-download,ok,raw/robotics-embodied-ai/documents/SRC-robotics-516-onshape-to-robot-official-repository-at-commit-7d0803d.md,2026-08-10T15:46:26+00:00,
SRC-robotics-517,onshape-to-robot getting started documentation,https://onshape-to-robot.readthedocs.io/en/latest/getting_started.html,defuddle,ok,raw/robotics-embodied-ai/documents/SRC-robotics-517-onshape-to-robot-getting-started-documentation.md,2026-08-10T15:46:26+00:00,
SRC-robotics-518,onshape-to-robot design-time conventions,https://onshape-to-robot.readthedocs.io/en/latest/design.html,defuddle,ok,raw/robotics-embodied-ai/documents/SRC-robotics-518-onshape-to-robot-design-time-conventions.md,2026-08-10T15:46:26+00:00,
SRC-robotics-519,onshape-to-robot config documentation,https://onshape-to-robot.readthedocs.io/en/latest/config.html,defuddle,ok,raw/robotics-embodied-ai/documents/SRC-robotics-519-onshape-to-robot-config-documentation.md,2026-08-10T15:46:26+00:00,
SRC-robotics-520,onshape-to-robot URDF exporter documentation,https://onshape-to-robot.readthedocs.io/en/latest/exporter_urdf.html,defuddle,ok,raw/robotics-embodied-ai/documents/SRC-robotics-520-onshape-to-robot-urdf-exporter-documentation.md,2026-08-10T15:46:26+00:00,
SRC-robotics-521,onshape-to-robot SDF exporter documentation,https://onshape-to-robot.readthedocs.io/en/latest/exporter_sdf.html,defuddle,ok,raw/robotics-embodied-ai/documents/SRC-robotics-521-onshape-to-robot-sdf-exporter-documentation.md,2026-08-10T15:46:26+00:00,
SRC-robotics-522,onshape-to-robot MuJoCo exporter documentation,https://onshape-to-robot.readthedocs.io/en/latest/exporter_mujoco.html,defuddle,ok,raw/robotics-embodied-ai/documents/SRC-robotics-522-onshape-to-robot-mujoco-exporter-documentation.md,2026-08-10T15:46:26+00:00,
SRC-robotics-523,onshape-to-robot processors documentation,https://onshape-to-robot.readthedocs.io/en/latest/processors.html,defuddle,ok,raw/robotics-embodied-ai/documents/SRC-robotics-523-onshape-to-robot-processors-documentation.md,2026-08-10T15:46:26+00:00,
SRC-robotics-524,onshape-to-robot examples repository at commit 7e40fd6,https://github.com/Rhoban/onshape-to-robot-examples/blob/7e40fd653205caa2f195d453fa495d9ef5179202/README.md,direct-download,ok,raw/robotics-embodied-ai/documents/SRC-robotics-524-onshape-to-robot-examples-repository-at-commit-7e40fd6.md,2026-08-10T15:46:26+00:00,
SRC-robotics-525,onshape-to-robot PyPI package,https://pypi.org/project/onshape-to-robot/1.8.2/,defuddle,fallback_html,raw/robotics-embodied-ai/documents/SRC-robotics-525-onshape-to-robot-pypi-package.md,2026-08-10T15:46:26+00:00,Error: Timed out fetching page after 10s
SRC-robotics-526,onshape-to-robot issue 170 Onshape API rate limit,https://github.com/Rhoban/onshape-to-robot/issues/170,defuddle,ok,raw/robotics-embodied-ai/documents/SRC-robotics-526-onshape-to-robot-issue-170-onshape-api-rate-limit.md,2026-08-10T15:46:26+00:00,
SRC-robotics-527,onshape-to-robot issue 76 DoF in nested subassemblies,https://github.com/Rhoban/onshape-to-robot/issues/76,defuddle,ok,raw/robotics-embodied-ai/documents/SRC-robotics-527-onshape-to-robot-issue-76-dof-in-nested-subassemblies.md,2026-08-10T15:46:26+00:00,
SRC-robotics-528,onshape-to-robot issue 206 retrieve-convert config behavior,https://github.com/Rhoban/onshape-to-robot/issues/206,defuddle,ok,raw/robotics-embodied-ai/documents/SRC-robotics-528-onshape-to-robot-issue-206-retrieve-convert-config-behavior.md,2026-08-10T15:46:26+00:00,
SRC-robotics-529,50%的毛利 vs 五元Ego数据，具身缺一份正经的RoadMap。,https://mp.weixin.qq.com/s/TjcpF_tkD0wAra5AzYP6ug,defuddle,ok,raw/robotics-embodied-ai/documents/SRC-robotics-529-50-vs-ego-roadmap.md,2026-08-11T06:33:27+00:00,
